-- Adminer 4.8.1 MySQL 11.5.2-MariaDB-ubu2404 dump

SET NAMES utf8;
SET time_zone = '+00:00';
SET foreign_key_checks = 0;
SET sql_mode = 'NO_AUTO_VALUE_ON_ZERO';

DROP VIEW IF EXISTS `cal_user_resources`;
CREATE TABLE `cal_user_resources` (`user_id` int(11), `group_id` int(11), `certification_id` int(11), `id` varchar(25), `name` varchar(253), `eventColor` text);


DROP VIEW IF EXISTS `cal_user_sessions`;
CREATE TABLE `cal_user_sessions` (`user_id` int(11), `id` int(11), `startDate` datetime, `endDate` datetime, `name` varchar(150), `resourceId` varchar(25));


DROP VIEW IF EXISTS `cal_user_sessions_registered`;
CREATE TABLE `cal_user_sessions_registered` (`user_id` int(11), `id` int(11), `startDate` datetime, `endDate` datetime, `name` varchar(150), `resourceId` varchar(25));


DROP VIEW IF EXISTS `cal_user_sessions_unregistered`;
CREATE TABLE `cal_user_sessions_unregistered` (`user_id` int(11), `id` int(11), `startDate` datetime, `endDate` datetime, `name` varchar(150), `resourceId` varchar(25));


SET NAMES utf8mb4;

DROP TABLE IF EXISTS `certificates`;
CREATE TABLE `certificates` (
  `id` int(11) NOT NULL AUTO_INCREMENT,
  `user_id` int(11) DEFAULT NULL,
  `certification_id` int(11) DEFAULT NULL,
  `issue_date` timestamp NULL DEFAULT current_timestamp(),
  PRIMARY KEY (`id`),
  KEY `user_id` (`user_id`),
  KEY `certification_id` (`certification_id`),
  CONSTRAINT `certificates_ibfk_1` FOREIGN KEY (`user_id`) REFERENCES `users` (`id`) ON DELETE CASCADE,
  CONSTRAINT `certificates_ibfk_3` FOREIGN KEY (`certification_id`) REFERENCES `certifications` (`id`) ON DELETE CASCADE
) ENGINE=InnoDB DEFAULT CHARSET=utf8mb4 COLLATE=utf8mb4_unicode_ci;

INSERT INTO `certificates` (`id`, `user_id`, `certification_id`, `issue_date`) VALUES
(3,	6,	1510,	'2024-12-06 10:51:46'),
(4,	4,	1,	'2024-12-06 20:41:20'),
(5,	6,	1503,	'2024-12-07 09:10:23');

DROP TABLE IF EXISTS `certifications`;
CREATE TABLE `certifications` (
  `id` int(11) NOT NULL AUTO_INCREMENT,
  `title` varchar(150) NOT NULL,
  `description` varchar(250) DEFAULT NULL,
  `group_id` int(11) DEFAULT NULL,
  `created_by` int(11) DEFAULT NULL,
  `created_at` timestamp NULL DEFAULT '0000-00-00 00:00:00',
  PRIMARY KEY (`id`),
  KEY `group_id` (`group_id`),
  KEY `created_by` (`created_by`),
  CONSTRAINT `certifications_ibfk_1` FOREIGN KEY (`group_id`) REFERENCES `groups` (`id`),
  CONSTRAINT `certifications_ibfk_2` FOREIGN KEY (`created_by`) REFERENCES `users` (`id`)
) ENGINE=InnoDB DEFAULT CHARSET=utf8mb4 COLLATE=utf8mb4_unicode_ci;

INSERT INTO `certifications` (`id`, `title`, `description`, `group_id`, `created_by`, `created_at`) VALUES
(1,	'Erste Fortbidung',	'Das ist die erste Fortbidung des Zugtrupps',	1,	1,	'2024-12-01 12:08:56'),
(1501,	'Führen ',	'Führen (StAN-Aufgabe 32) 5:45',	1,	1,	'2024-12-01 12:08:56'),
(1502,	'Eigenschutz ',	'Eigenschutz (StAN-Aufgabe 82) 5:00',	1,	1,	'2024-12-01 12:08:56'),
(1503,	'Absperren/Absichern ',	'Absperren/Absichern (StAN-Aufgabe 1) 1:15',	1,	1,	'2024-12-01 12:08:56'),
(1504,	'Ersthelfen ',	'Ersthelfen (StAN-Aufgabe 29) 1:15',	1,	1,	'2024-12-01 12:08:56'),
(1505,	'Erkunden (Boden) ',	'Erkunden (Boden) (StAN-Aufgabe 27) 3:45',	1,	1,	'2024-12-01 12:08:56'),
(1506,	'Transportfähigkeit sicherstellen ',	'Transportfähigkeit sicherstellen (StAN-Aufgabe 94) 1:00',	1,	1,	'2024-12-01 12:08:56'),
(1507,	'Erkunden (groß) ',	'Erkunden (groß) (StAN-Aufgabe 103) 7:30',	1,	1,	'2024-12-01 12:08:56'),
(1508,	'Einrichten und Betreiben Meldekopf/Lotsenstelle ',	'Einrichten und Betreiben Meldekopf/Lotsenstelle (StAN-Aufgabe 21) 1:45',	1,	1,	'2024-12-01 12:08:56'),
(1509,	'Fernmelden ',	'Fernmelden (StAN-Aufgabe 31) 4:30',	1,	1,	'2024-12-01 12:08:56'),
(1510,	'Datenverarbeitung ',	'Datenverarbeitung (StAN-Aufgabe 83) 3:30',	1,	1,	'2024-12-01 12:08:56'),
(1511,	'Übertragung/Transport von Daten (einfach) ',	'Übertragung/Transport von Daten (einfach) (StAN-Aufgabe 84) 1:30',	1,	1,	'2024-12-01 12:08:56'),
(1512,	'Einrichten und Betreiben einer THW-FüSt ohne Stab ',	'Einrichten und Betreiben einer THW-FüSt ohne Stab (StAN-Aufgabe 147) 6:15',	1,	1,	'2024-12-01 12:08:56'),
(1513,	'Führen von Teileinheiten ',	'Führen von Teileinheiten (StAN-Aufgabe 95) 23:00',	1,	1,	'2024-12-01 12:08:56'),
(3301,	'Führen ',	'Führen (StAN-Aufgabe 32) 4:00',	4,	19,	'2024-12-01 12:08:56'),
(3302,	'Eigenschutz ',	'Eigenschutz (StAN-Aufgabe 82) 4:00',	4,	19,	'2024-12-01 12:08:56'),
(3303,	'Absperren/Absichern ',	'Absperren/Absichern (StAN-Aufgabe 1) 2:00',	4,	19,	'2024-12-01 12:08:56'),
(3304,	'Ersthelfen ',	'Ersthelfen (StAN-Aufgabe 29) 1:30',	4,	19,	'2024-12-01 12:08:56'),
(3305,	'Erkunden (Boden) ',	'Erkunden (Boden) (StAN-Aufgabe 27) 4:00',	4,	19,	'2024-12-01 12:08:56'),
(3306,	'Transportfähigkeit sicherstellen ',	'Transportfähigkeit sicherstellen (StAN-Aufgabe 94) 5:00',	4,	19,	'2024-12-01 12:08:56'),
(3307,	'Transportieren von Personen (Land) ',	'Transportieren von Personen (Land) (StAN-Aufgabe 67) 0:30',	4,	19,	'2024-12-01 12:08:56'),
(3308,	'Transportieren von Gütern (Land) ',	'Transportieren von Gütern (Land) (StAN-Aufgabe 65) 2:30',	4,	19,	'2024-12-01 12:08:56'),
(3309,	'Transport von Gefahrgütern (Land, leicht) ',	'Transport von Gefahrgütern (Land, leicht) (StAN-Aufgabe 64) 0:30',	4,	19,	'2024-12-01 12:08:56'),
(3310,	'Transport von Containern ',	'Transport von Containern (StAN-Aufgabe 97) 2:00',	4,	19,	'2024-12-01 12:08:56'),
(3311,	'Umschlagen (Stückgut) ',	'Umschlagen (Stückgut) (StAN-Aufgabe 76) 4:15',	4,	19,	'2024-12-01 12:08:56'),
(3312,	'Transport von Personen (Wasser, leicht) ',	'Transport von Personen (Wasser, leicht) (StAN-Aufgabe 92) 2:00',	4,	19,	'2024-12-01 12:08:56'),
(3313,	'Transportieren von Gütern (Wasser, leicht) ',	'Transportieren von Gütern (Wasser, leicht) (StAN-Aufgabe 91) 4:15',	4,	19,	'2024-12-01 12:08:56'),
(3314,	'Tragen Atemschutz (leicht) ',	'Tragen Atemschutz (leicht) (StAN-Aufgabe 61) 1:00',	4,	19,	'2024-12-01 12:08:56'),
(3315,	'Tragen Atemschutz (schwer) ',	'Tragen Atemschutz (schwer) (StAN-Aufgabe 62) 1:00',	4,	19,	'2024-12-01 12:08:56'),
(3316,	'Tragen CSA (leicht) ',	'Tragen CSA (leicht) (StAN-Aufgabe 63) 2:45',	4,	19,	'2024-12-01 12:08:56'),
(3317,	'Elektroarbeiten (Betrieb, klein) ',	'Elektroarbeiten (Betrieb, klein) (StAN-Aufgabe 23) 2:30',	4,	19,	'2024-12-01 12:08:56'),
(3318,	'Elektroarbeiten (Betrieb, mittel) ',	'Elektroarbeiten (Betrieb, mittel) (StAN-Aufgabe 24) 9:30',	4,	19,	'2024-12-01 12:08:56'),
(3319,	'Beleuchten (klein) ',	'Beleuchten (klein) (StAN-Aufgabe 5) 1:45',	4,	19,	'2024-12-01 12:08:56'),
(3320,	'Beleuchten (mittel) ',	'Beleuchten (mittel) (StAN-Aufgabe 89) 3:00',	4,	19,	'2024-12-01 12:08:56'),
(3321,	'Behelfsmäßig Überwinden ',	'Behelfsmäßig Überwinden (StAN-Aufgabe 3) 3:00',	4,	19,	'2024-12-01 12:08:56'),
(3322,	'Zerteilen Holz ',	'Zerteilen Holz (StAN-Aufgabe 38) 8:00',	4,	19,	'2024-12-01 12:08:56'),
(3323,	'Arbeiten am Wasser ',	'Arbeiten am Wasser (StAN-Aufgabe 2) 5:30',	4,	19,	'2024-12-01 12:08:56'),
(3324,	'Pumparbeiten (mittel) ',	'Pumparbeiten (mittel) (StAN-Aufgabe 47) 4:30',	4,	19,	'2024-12-01 12:08:56'),
(3325,	'Notunterbringung ',	'Notunterbringung (StAN-Aufgabe 80) 8:00',	4,	19,	'2024-12-01 12:08:56'),
(3326,	'Notversorgung ',	'Notversorgung (StAN-Aufgabe 81) 5:00',	4,	19,	'2024-12-01 12:08:56'),
(3327,	'Durchführung von technischer Hilfe ',	'Durchführung von technischer Hilfe (StAN-Aufgabe 90) 8:30',	4,	19,	'2024-12-01 12:08:56'),
(14201,	'Führen ',	'Führen (StAN-Aufgabe 32) 4:15',	6,	31,	'2024-12-01 12:08:56'),
(14202,	'Eigenschutz ',	'Eigenschutz (StAN-Aufgabe 82) 5:30',	6,	31,	'2024-12-01 12:08:56'),
(14203,	'Absperren/Absichern ',	'Absperren/Absichern (StAN-Aufgabe 1) 0:45',	6,	31,	'2024-12-01 12:08:56'),
(14204,	'Ersthelfen ',	'Ersthelfen (StAN-Aufgabe 29) 1:30',	6,	31,	'2024-12-01 12:08:56'),
(14205,	'Erkunden (Boden) ',	'Erkunden (Boden) (StAN-Aufgabe 27) 3:00',	6,	31,	'2024-12-01 12:08:56'),
(14206,	'Transportfähigkeit sicherstellen ',	'Transportfähigkeit sicherstellen (StAN-Aufgabe 94) 3:00',	6,	31,	'2024-12-01 12:08:56'),
(14207,	'Tragen Atemschutz (leicht) ',	'Tragen Atemschutz (leicht) (StAN-Aufgabe 61) 1:15',	6,	31,	'2024-12-01 12:08:56'),
(14208,	'Tragen Atemschutz (schwer) ',	'Tragen Atemschutz (schwer) (StAN-Aufgabe 62) 0:45',	6,	31,	'2024-12-01 12:08:56'),
(14209,	'Tragen CSA (leicht) ',	'Tragen CSA (leicht) (StAN-Aufgabe 63) 2:45',	6,	31,	'2024-12-01 12:08:56'),
(14210,	'Elektroarbeiten (Betrieb, klein) ',	'Elektroarbeiten (Betrieb, klein) (StAN-Aufgabe 23) 2:30',	6,	31,	'2024-12-01 12:08:56'),
(14211,	'Beleuchten (klein) ',	'Beleuchten (klein) (StAN-Aufgabe 5) 1:15',	6,	31,	'2024-12-01 12:08:56'),
(14212,	'Behelfsmäßig Überwinden ',	'Behelfsmäßig Überwinden (StAN-Aufgabe 3) 5:00',	6,	31,	'2024-12-01 12:08:56'),
(14213,	'Beräumen / mechanisches Einwirken (leicht) ',	'Beräumen / mechanisches Einwirken (leicht) (StAN-Aufgabe 7) 7:30',	6,	31,	'2024-12-01 12:08:56'),
(14214,	'Vermessen ',	'Vermessen (StAN-Aufgabe 78) 6:45',	6,	31,	'2024-12-01 12:08:56'),
(14215,	'Tiefbauarbeiten/Erdarbeiten (leicht) ',	'Tiefbauarbeiten/Erdarbeiten (leicht) (StAN-Aufgabe 58) 2:00',	6,	31,	'2024-12-01 12:08:56'),
(14216,	'Arbeiten am Wasser ',	'Arbeiten am Wasser (StAN-Aufgabe 2) 3:30',	6,	31,	'2024-12-01 12:08:56'),
(14217,	'Erkunden Öl ',	'Erkunden Öl (StAN-Aufgabe 119) 3:30',	6,	31,	'2024-12-01 12:08:56'),
(14218,	'Sichern Öl/Wasser (klein) ',	'Sichern Öl/Wasser (klein) (StAN-Aufgabe 118) 11:00',	6,	31,	'2024-12-01 12:08:56'),
(14219,	'Netz- und Leitungsbau (Abwasser, groß) ',	'Netz- und Leitungsbau (Abwasser, groß) (StAN-Aufgabe 39) 6:45',	6,	31,	'2024-12-01 12:08:56'),
(14220,	'Pumparbeiten (klein) ',	'Pumparbeiten (klein) (StAN-Aufgabe 46) 3:30',	6,	31,	'2024-12-01 12:08:56'),
(14221,	'Pumparbeiten (groß) ',	'Pumparbeiten (groß) (StAN-Aufgabe 48) 8:00',	6,	31,	'2024-12-01 12:08:56'),
(14222,	'Pumparbeiten mit Großpumpe (mittel) ',	'Pumparbeiten mit Großpumpe (mittel) (StAN-Aufgabe 116) 5:00',	6,	31,	'2024-12-01 12:08:56'),
(23401,	'Führen ',	'Führen (StAN-Aufgabe 32) 5:30',	5,	25,	'2024-12-01 12:08:56'),
(23402,	'Eigenschutz ',	'Eigenschutz (StAN-Aufgabe 82) 5:15',	5,	25,	'2024-12-01 12:08:56'),
(23403,	'Absperren/Absichern ',	'Absperren/Absichern (StAN-Aufgabe 1) 1:15',	5,	25,	'2024-12-01 12:08:56'),
(23404,	'Ersthelfen ',	'Ersthelfen (StAN-Aufgabe 29) 3:15',	5,	25,	'2024-12-01 12:08:56'),
(23405,	'Erkunden (Boden) ',	'Erkunden (Boden) (StAN-Aufgabe 27) 5:00',	5,	25,	'2024-12-01 12:08:56'),
(23406,	'Transportfähigkeit sicherstellen ',	'Transportfähigkeit sicherstellen (StAN-Aufgabe 94) 2:15',	5,	25,	'2024-12-01 12:08:56'),
(23407,	'Bergen/Retten von Personen (leicht) ',	'Bergen/Retten von Personen (leicht) (StAN-Aufgabe 100) 14:00',	5,	25,	'2024-12-01 12:08:56'),
(23408,	'Orten (biologisch) ',	'Orten (biologisch) (StAN-Aufgabe 44) 12:00',	5,	25,	'2024-12-01 12:08:56'),
(23409,	'Orten (technisch, Boden) ',	'Orten (technisch, Boden) (StAN-Aufgabe 45) 13:00',	5,	25,	'2024-12-01 12:08:56'),
(24101,	'Führen ',	'Führen (StAN-Aufgabe 32) 3:30',	8,	40,	'2024-12-01 12:08:56'),
(24102,	'Eigenschutz ',	'Eigenschutz (StAN-Aufgabe 82) 4:00',	8,	40,	'2024-12-01 12:08:56'),
(24103,	'Absperren/Absichern ',	'Absperren/Absichern (StAN-Aufgabe 1) 1:00',	8,	40,	'2024-12-01 12:08:56'),
(24104,	'Ersthelfen ',	'Ersthelfen (StAN-Aufgabe 29) 1:15',	8,	40,	'2024-12-01 12:08:56'),
(24105,	'Erkunden (Boden) ',	'Erkunden (Boden) (StAN-Aufgabe 27) 5:45',	8,	40,	'2024-12-01 12:08:56'),
(24106,	'Transportfähigkeit sicherstellen ',	'Transportfähigkeit sicherstellen (StAN-Aufgabe 94) 0:45',	8,	40,	'2024-12-01 12:08:56'),
(24107,	'Datenverarbeitung ',	'Datenverarbeitung (StAN-Aufgabe 83) 2:45',	8,	40,	'2024-12-01 12:08:56'),
(24108,	'Übertragung/Transport von Daten (einfach) ',	'Übertragung/Transport von Daten (einfach) (StAN-Aufgabe 84) 1:30',	8,	40,	'2024-12-01 12:08:56'),
(24109,	'Erkunden (Luft) ',	'Erkunden (Luft) (StAN-Aufgabe 28) 14:30',	8,	40,	'2024-12-01 12:08:56'),
(24110,	'Orten (technisch, Luft) ',	'Orten (technisch, Luft) (StAN-Aufgabe 125) 5:00',	8,	40,	'2024-12-01 12:08:56'),
(26001,	'Führen ',	'Führen (StAN-Aufgabe 32) 3:45',	7,	37,	'2024-12-01 12:08:56'),
(26002,	'Eigenschutz ',	'Eigenschutz (StAN-Aufgabe 82) 3:15',	7,	37,	'2024-12-01 12:08:56'),
(26003,	'Absperren/Absichern ',	'Absperren/Absichern (StAN-Aufgabe 1) 1:45',	7,	37,	'2024-12-01 12:08:56'),
(26004,	'Ersthelfen ',	'Ersthelfen (StAN-Aufgabe 29) 1:15',	7,	37,	'2024-12-01 12:08:56'),
(26005,	'Erkunden (Boden) ',	'Erkunden (Boden) (StAN-Aufgabe 27) 4:00',	7,	37,	'2024-12-01 12:08:56'),
(26006,	'Transportfähigkeit sicherstellen ',	'Transportfähigkeit sicherstellen (StAN-Aufgabe 94) 0:45',	7,	37,	'2024-12-01 12:08:56'),
(26007,	'Transportieren von Personen (Land) ',	'Transportieren von Personen (Land) (StAN-Aufgabe 67) 0:15',	7,	37,	'2024-12-01 12:08:56'),
(26008,	'Datenverarbeitung ',	'Datenverarbeitung (StAN-Aufgabe 83) 2:45',	7,	37,	'2024-12-01 12:08:56'),
(26009,	'Übertragung/Transport von Daten (einfach) ',	'Übertragung/Transport von Daten (einfach) (StAN-Aufgabe 84) 1:30',	7,	37,	'2024-12-01 12:08:56'),
(26010,	'Vermessen ',	'Vermessen (StAN-Aufgabe 78) 5:15',	7,	37,	'2024-12-01 12:08:56'),
(26011,	'Arbeiten am Wasser ',	'Arbeiten am Wasser (StAN-Aufgabe 2) 3:30',	7,	37,	'2024-12-01 12:08:56'),
(26012,	'Mobile Hochwassermessung ',	'Mobile Hochwassermessung (StAN-Aufgabe 99) 17:30',	7,	37,	'2024-12-01 12:08:56'),
(30001,	'Führen ',	'Führen (StAN-Aufgabe 32) 3:45',	2,	7,	'2024-12-01 12:08:56'),
(30002,	'Eigenschutz ',	'Eigenschutz (StAN-Aufgabe 82) 5:30',	2,	7,	'2024-12-01 12:08:56'),
(30003,	'Absperren/Absichern ',	'Absperren/Absichern (StAN-Aufgabe 1) 0:45',	2,	7,	'2024-12-01 12:08:56'),
(30004,	'Ersthelfen ',	'Ersthelfen (StAN-Aufgabe 29) 1:30',	2,	7,	'2024-12-01 12:08:56'),
(30005,	'Erkunden (Boden) ',	'Erkunden (Boden) (StAN-Aufgabe 27) 3:00',	2,	7,	'2024-12-01 12:08:56'),
(30006,	'Transportfähigkeit sicherstellen ',	'Transportfähigkeit sicherstellen (StAN-Aufgabe 94) 2:00',	2,	7,	'2024-12-01 12:08:56'),
(30007,	'Tragen Atemschutz (leicht) ',	'Tragen Atemschutz (leicht) (StAN-Aufgabe 61) 1:15',	2,	7,	'2024-12-01 12:08:56'),
(30008,	'Tragen Atemschutz (schwer) ',	'Tragen Atemschutz (schwer) (StAN-Aufgabe 62) 0:45',	2,	7,	'2024-12-01 12:08:56'),
(30009,	'Tragen CSA (leicht) ',	'Tragen CSA (leicht) (StAN-Aufgabe 63) 2:45',	2,	7,	'2024-12-01 12:08:56'),
(30010,	'Elektroarbeiten (Betrieb, klein) ',	'Elektroarbeiten (Betrieb, klein) (StAN-Aufgabe 23) 2:30',	2,	7,	'2024-12-01 12:08:56'),
(30011,	'Beleuchten (klein) ',	'Beleuchten (klein) (StAN-Aufgabe 5) 1:45',	2,	7,	'2024-12-01 12:08:56'),
(30012,	'Behelfsmäßig Überwinden ',	'Behelfsmäßig Überwinden (StAN-Aufgabe 3) 6:30',	2,	7,	'2024-12-01 12:08:56'),
(30013,	'Zerteilen Holz ',	'Zerteilen Holz (StAN-Aufgabe 38) 8:00',	2,	7,	'2024-12-01 12:08:56'),
(30014,	'Brückenbau/Stegebau (behelfsmäßig) ',	'Brückenbau/Stegebau (behelfsmäßig) (StAN-Aufgabe 18) 13:30',	2,	7,	'2024-12-01 12:08:56'),
(30015,	'Arbeiten am Wasser ',	'Arbeiten am Wasser (StAN-Aufgabe 2) 3:30',	2,	7,	'2024-12-01 12:08:56'),
(30016,	'Pumparbeiten (klein) ',	'Pumparbeiten (klein) (StAN-Aufgabe 46) 2:30',	2,	7,	'2024-12-01 12:08:56'),
(30017,	'Beräumen/mechanisch Einwirken (leicht) ',	'Beräumen/mechanisch Einwirken (leicht) (StAN-Aufgabe 7) 7:30',	2,	7,	'2024-12-01 12:08:56'),
(30018,	'Bewegen von Lasten (technisch, leicht) ',	'Bewegen von Lasten (technisch, leicht) (StAN-Aufgabe 14) 5:00',	2,	7,	'2024-12-01 12:08:56'),
(30019,	'Bewegen von Lasten (technisch, mittel) ',	'Bewegen von Lasten (technisch, mittel) (StAN-Aufgabe 15) 4:00',	2,	7,	'2024-12-01 12:08:56'),
(30020,	'Bewegen von Lasten (technisch, schwer) ',	'Bewegen von Lasten (technisch, schwer) (StAN-Aufgabe 16) 2:00',	2,	7,	'2024-12-01 12:08:56'),
(30021,	'Schweißen, Brennschneiden (Metalle, autogen) ',	'Schweißen, Brennschneiden (Metalle, autogen) (StAN-Aufgabe 52) 1:00',	2,	7,	'2024-12-01 12:08:56'),
(30022,	'Niederlegen von Bauwerken oder Bauwerksteilen (manuell) ',	'Niederlegen von Bauwerken oder Bauwerksteilen (manuell) (StAN-Aufgabe 126) 5:00',	2,	7,	'2024-12-01 12:08:56'),
(30023,	'Tiefbauarbeiten/Erdarbeiten (leicht) ',	'Tiefbauarbeiten/Erdarbeiten (leicht) (StAN-Aufgabe 58) 2:00',	2,	7,	'2024-12-01 12:08:56'),
(30024,	'Technisch sichern, Hilfskonstruktionen errichten ',	'Technisch sichern, Hilfskonstruktionen errichten (StAN-Aufgabe 55) 19:30',	2,	7,	'2024-12-01 12:08:56'),
(30025,	'Technisch sichern, Hilfskonstruktionen errichten EGS ',	'Technisch sichern, Hilfskonstruktionen errichten EGS (StAN-Aufgabe 57) 18:00',	2,	7,	'2024-12-01 12:08:56'),
(30026,	'Bergen/Retten von Personen (mittel) ',	'Bergen/Retten von Personen (mittel) (StAN-Aufgabe 8) 20:30',	2,	7,	'2024-12-01 12:08:56'),
(30027,	'Bergen/Retten von Tieren/Sachwerten (manuell) ',	'Bergen/Retten von Tieren/Sachwerten (manuell) (StAN-Aufgabe 9) 2:00',	2,	7,	'2024-12-01 12:08:56'),
(32001,	'Führen ',	'Führen (StAN-Aufgabe 32) 4:15',	3,	13,	'2024-12-01 12:08:56'),
(32002,	'Eigenschutz ',	'Eigenschutz (StAN-Aufgabe 82) 5:15',	3,	13,	'2024-12-01 12:08:56'),
(32003,	'Absperren/Absichern ',	'Absperren/Absichern (StAN-Aufgabe 1) 0:45',	3,	13,	'2024-12-01 12:08:56'),
(32004,	'Ersthelfen ',	'Ersthelfen (StAN-Aufgabe 29) 1:15',	3,	13,	'2024-12-01 12:08:56'),
(32005,	'Erkunden (Boden) ',	'Erkunden (Boden) (StAN-Aufgabe 27) 5:00',	3,	13,	'2024-12-01 12:08:56'),
(32006,	'Transportfähigkeit sicherstellen ',	'Transportfähigkeit sicherstellen (StAN-Aufgabe 94) 1:15',	3,	13,	'2024-12-01 12:08:56'),
(32007,	'Transportieren von Gütern (Land) ',	'Transportieren von Gütern (Land) (StAN-Aufgabe 65) 1:30',	3,	13,	'2024-12-01 12:08:56'),
(32008,	'Transportieren von Gefahrgütern (Land, leicht) ',	'Transportieren von Gefahrgütern (Land, leicht) (StAN-Aufgabe 64) 0:30',	3,	13,	'2024-12-01 12:08:56'),
(32009,	'Tragen Atemschutz (leicht) ',	'Tragen Atemschutz (leicht) (StAN-Aufgabe 61) 1:15',	3,	13,	'2024-12-01 12:08:56'),
(32010,	'Tragen Atemschutz (schwer) ',	'Tragen Atemschutz (schwer) (StAN-Aufgabe 62) 0:45',	3,	13,	'2024-12-01 12:08:56'),
(32011,	'Tragen CSA (leicht) ',	'Tragen CSA (leicht) (StAN-Aufgabe 63) 2:45',	3,	13,	'2024-12-01 12:08:56'),
(32012,	'Elektroarbeiten (Betrieb, klein) ',	'Elektroarbeiten (Betrieb, klein) (StAN-Aufgabe 23) 2:30',	3,	13,	'2024-12-01 12:08:56'),
(32013,	'Beleuchten (klein) ',	'Beleuchten (klein) (StAN-Aufgabe 5) 1:45',	3,	13,	'2024-12-01 12:08:56'),
(32014,	'Behelfsmäßig Überwinden ',	'Behelfsmäßig Überwinden (StAN-Aufgabe 3) 2:45',	3,	13,	'2024-12-01 12:08:56'),
(32015,	'Zerteilen Holz ',	'Zerteilen Holz (StAN-Aufgabe 38) 8:00',	3,	13,	'2024-12-01 12:08:56'),
(32016,	'Arbeiten am Wasser ',	'Arbeiten am Wasser (StAN-Aufgabe 2) 3:30',	3,	13,	'2024-12-01 12:08:56'),
(32017,	'Pumparbeiten (klein) ',	'Pumparbeiten (klein) (StAN-Aufgabe 46) 2:30',	3,	13,	'2024-12-01 12:08:56'),
(32018,	'Beräumen / mechanisch einwirken (leicht) ',	'Beräumen / mechanisch einwirken (leicht) (StAN-Aufgabe 7) 7:30',	3,	13,	'2024-12-01 12:08:56'),
(32019,	'Bewegen von Lasten (technisch, leicht) ',	'Bewegen von Lasten (technisch, leicht) (StAN-Aufgabe 14) 4:00',	3,	13,	'2024-12-01 12:08:56'),
(32020,	'Bewegen von Lasten (technisch, mittel) ',	'Bewegen von Lasten (technisch, mittel) (StAN-Aufgabe 15) 4:00',	3,	13,	'2024-12-01 12:08:56'),
(32021,	'Bewegen von Lasten (technisch, schwer) ',	'Bewegen von Lasten (technisch, schwer) (StAN-Aufgabe 16) 3:00',	3,	13,	'2024-12-01 12:08:56'),
(32022,	'Schweißen (Metalle, elektrisch) ',	'Schweißen (Metalle, elektrisch) (StAN-Aufgabe 128) 2:00',	3,	13,	'2024-12-01 12:08:56'),
(32023,	'Thermisches Trennen (Plasma) ',	'Thermisches Trennen (Plasma) (StAN-Aufgabe 141) 1:30',	3,	13,	'2024-12-01 12:08:56'),
(32024,	'Niederlegen von Bauwerken oder Bauwerksteilen (manuell) ',	'Niederlegen von Bauwerken oder Bauwerksteilen (manuell) (StAN-Aufgabe 126) 5:00',	3,	13,	'2024-12-01 12:08:56'),
(32025,	'Tiefbauarbeiten / Erdarbeiten (leicht) ',	'Tiefbauarbeiten / Erdarbeiten (leicht) (StAN-Aufgabe 58) 2:00',	3,	13,	'2024-12-01 12:08:56'),
(32026,	'Technisch sichern, Hilfskonstruktionen errichten ',	'Technisch sichern, Hilfskonstruktionen errichten (StAN-Aufgabe 55) 19:30',	3,	13,	'2024-12-01 12:08:56'),
(32027,	'Bergen/Retten von Personen (mittel) ',	'Bergen/Retten von Personen (mittel) (StAN-Aufgabe 8) 20:30',	3,	13,	'2024-12-01 12:08:56'),
(32028,	'Bergen/Retten von Personen (schwer) ',	'Bergen/Retten von Personen (schwer) (StAN-Aufgabe 101) 5:30',	3,	13,	'2024-12-01 12:08:56'),
(32029,	'Bergen/Retten von Tieren/Sachwerten (manuell) ',	'Bergen/Retten von Tieren/Sachwerten (manuell) (StAN-Aufgabe 9) 2:00',	3,	13,	'2024-12-01 12:08:56');

DROP TABLE IF EXISTS `groups`;
CREATE TABLE `groups` (
  `id` int(11) NOT NULL AUTO_INCREMENT,
  `name` varchar(100) NOT NULL,
  `description` text DEFAULT NULL,
  `color` text DEFAULT NULL,
  PRIMARY KEY (`id`),
  UNIQUE KEY `name` (`name`)
) ENGINE=InnoDB DEFAULT CHARSET=utf8mb4 COLLATE=utf8mb4_unicode_ci;

INSERT INTO `groups` (`id`, `name`, `description`, `color`) VALUES
(1,	'ZTr',	'Zugtrupp',	'blue'),
(2,	'FGr. B',	'Bergungsgruppe',	'green'),
(3,	'FGr. SB',	'Fachgruppe Schwere Bergung',	'red'),
(4,	'FGr. N',	'Fachgruppe Notversorgung und Notinstandsetzung',	'yellow'),
(5,	'FGr. O',	'Fachgruppe Ortung',	'orange'),
(6,	'FGr. WP',	'Fachgruppe Wasserschaden/Pumpen',	'purple'),
(7,	'Tr MHP',	'Trupp Mobiler Hochwasserpegel',	'pink'),
(8,	'Tr UL',	'Trupp Unbemannte Luftfahrtsysteme',	'gray'),
(9,	'SEG',	'Schnelleinsatzgruppe',	'deep-orange');

DROP VIEW IF EXISTS `sessions`;
CREATE TABLE `sessions` (`group_id` int(11), `certification_id` int(11), `certification_title` varchar(150), `certification_description` varchar(250), `training_id` int(11), `trainingn_title` varchar(150), `training_description` text, `session_id` int(11), `session_start` datetime, `session_end` datetime, `session_location` varchar(150), `session_min_participants` int(11), `session_max_participants` int(11));


DROP TABLE IF EXISTS `session_registrations`;
CREATE TABLE `session_registrations` (
  `id` int(11) NOT NULL AUTO_INCREMENT,
  `session_id` int(11) DEFAULT NULL,
  `user_id` int(11) DEFAULT NULL,
  `registration_date` timestamp NULL DEFAULT current_timestamp(),
  `attended` tinyint(1) DEFAULT 0,
  PRIMARY KEY (`id`),
  KEY `session_id` (`session_id`),
  KEY `user_id` (`user_id`),
  CONSTRAINT `session_registrations_ibfk_1` FOREIGN KEY (`session_id`) REFERENCES `training_sessions` (`id`) ON DELETE CASCADE,
  CONSTRAINT `session_registrations_ibfk_2` FOREIGN KEY (`user_id`) REFERENCES `users` (`id`) ON DELETE CASCADE
) ENGINE=InnoDB DEFAULT CHARSET=utf8mb4 COLLATE=utf8mb4_unicode_ci;

INSERT INTO `session_registrations` (`id`, `session_id`, `user_id`, `registration_date`, `attended`) VALUES
(2,	1317,	3,	'2024-12-05 09:28:59',	1),
(3,	1317,	4,	'2024-12-05 09:35:23',	1),
(4,	1317,	4,	'2024-12-05 09:35:29',	1),
(5,	1332,	4,	'2024-12-05 09:39:02',	1),
(6,	1311,	6,	'2024-12-05 09:53:07',	0),
(7,	1333,	6,	'2024-12-05 09:53:20',	0),
(8,	1315,	6,	'2024-12-05 09:53:32',	0),
(9,	403,	6,	'2024-12-05 10:03:19',	1),
(10,	404,	6,	'2024-12-05 10:06:48',	1),
(11,	431,	6,	'2024-12-05 10:11:55',	1),
(12,	406,	6,	'2024-12-05 10:13:15',	1),
(13,	408,	6,	'2024-12-05 10:13:34',	1),
(14,	432,	6,	'2024-12-05 10:19:30',	1),
(15,	433,	6,	'2024-12-05 10:19:39',	1),
(16,	405,	6,	'2024-12-05 10:29:54',	0),
(17,	407,	6,	'2024-12-05 10:38:56',	0),
(18,	875,	6,	'2024-12-05 10:41:31',	1),
(19,	410,	6,	'2024-12-05 10:44:13',	0),
(20,	411,	6,	'2024-12-05 10:44:31',	0),
(21,	409,	6,	'2024-12-05 10:45:06',	0),
(22,	434,	6,	'2024-12-05 10:45:10',	0),
(23,	403,	3,	'2024-12-05 14:41:07',	1),
(24,	1356,	3,	'2024-12-06 11:08:10',	1),
(25,	1357,	4,	'2024-12-06 20:40:38',	1),
(26,	403,	5,	'2024-12-06 21:17:41',	0),
(27,	404,	4,	'2024-12-06 22:20:08',	0),
(28,	415,	4,	'2024-12-07 07:13:33',	0),
(29,	414,	6,	'2024-12-07 08:31:19',	0),
(30,	413,	6,	'2024-12-07 09:04:35',	1);

DROP TABLE IF EXISTS `trainings`;
CREATE TABLE `trainings` (
  `id` int(11) NOT NULL AUTO_INCREMENT,
  `title` varchar(150) NOT NULL,
  `description` text DEFAULT NULL,
  `certification_id` int(11) DEFAULT NULL,
  `group_id` int(11) DEFAULT NULL,
  `created_by` int(11) DEFAULT NULL,
  `created_at` timestamp NULL DEFAULT current_timestamp(),
  PRIMARY KEY (`id`),
  KEY `created_by` (`created_by`),
  KEY `certification_id` (`certification_id`),
  KEY `group_id` (`group_id`),
  CONSTRAINT `trainings_ibfk_2` FOREIGN KEY (`created_by`) REFERENCES `users` (`id`),
  CONSTRAINT `trainings_ibfk_3` FOREIGN KEY (`certification_id`) REFERENCES `certifications` (`id`),
  CONSTRAINT `trainings_ibfk_6` FOREIGN KEY (`group_id`) REFERENCES `groups` (`id`)
) ENGINE=InnoDB DEFAULT CHARSET=utf8mb4 COLLATE=utf8mb4_unicode_ci;

INSERT INTO `trainings` (`id`, `title`, `description`, `certification_id`, `group_id`, `created_by`, `created_at`) VALUES
(1,	'TestTraining',	'blabla',	1,	1,	NULL,	'2024-11-29 09:36:23'),
(2,	'test',	'test',	1,	1,	NULL,	'2024-11-30 18:31:37'),
(3,	'test',	'test',	1,	1,	NULL,	'2024-11-30 18:31:45'),
(150101,	'01 - Führen ',	'Aufgaben, Einsatzoptionen, Gliederung, Funktionen und Ausstattung der eigenen Te 2:00',	1501,	1,	1,	'2024-12-01 12:16:11'),
(150102,	'02 - Führen ',	'Grundlagen der Führung 1:30',	1501,	1,	1,	'2024-12-01 12:16:11'),
(150103,	'03 - Führen ',	'Zusammenarbeit mit anderen (Teil-)Einheiten, Bedarfsträgern, anderen Organisatio 1:00',	1501,	1,	1,	'2024-12-01 12:16:11'),
(150104,	'04 - Führen ',	'Grundsätze des Meldewesens 0:45',	1501,	1,	1,	'2024-12-01 12:16:11'),
(150105,	'05 - Führen ',	'Grundlagen der Einsatznachbereitung 0:30',	1501,	1,	1,	'2024-12-01 12:16:11'),
(150201,	'01 - Eigenschutz ',	'Gefahrenmerkschema 0:30',	1502,	1,	1,	'2024-12-01 12:16:11'),
(150202,	'02 - Eigenschutz ',	'Einhaltung von Rechtsgrundlagen, Unfallverhütungsvorschriften, Dienstvorschrifte 1:00',	1502,	1,	1,	'2024-12-01 12:16:11'),
(150203,	'03 - Eigenschutz ',	'Spezifische Gefahren im Technischen Zug 1:30',	1502,	1,	1,	'2024-12-01 12:16:11'),
(150204,	'04 - Eigenschutz ',	'Eigenschutz mit der Ausstattung der Teileinheit 2:00',	1502,	1,	1,	'2024-12-01 12:16:11'),
(150301,	'01 - Absperren/Absichern ',	'Absichern der Einsatz-/Gefahrenstelle auch im Verkehrsraum 0:45',	1503,	1,	1,	'2024-12-01 12:16:11'),
(150302,	'02 - Absperren/Absichern ',	'Zutrittsbeschränkung für Stellen 0:30',	1503,	1,	1,	'2024-12-01 12:16:11'),
(150401,	'01 - Ersthelfen ',	'Erste-Hilfe-Ausstattung der Teileinheit 0:45',	1504,	1,	1,	'2024-12-01 12:16:11'),
(150402,	'02 - Ersthelfen ',	'Brandschutzausstattung der Teileinheit 0:30',	1504,	1,	1,	'2024-12-01 12:16:11'),
(150501,	'01 - Erkunden (Boden) ',	'Grundsätze und Vorgehen bei der Erkundung 1:00',	1505,	1,	1,	'2024-12-01 12:16:11'),
(150502,	'02 - Erkunden (Boden) ',	'Erkundungsdurchführung 2:00',	1505,	1,	1,	'2024-12-01 12:16:11'),
(150503,	'03 - Erkunden (Boden) ',	'Darstellung Erkundungsergebnisse 0:45',	1505,	1,	1,	'2024-12-01 12:16:11'),
(150601,	'01 - Transportfähigkeit sicherstellen ',	'Transportmöglichkeiten der Teileinheit 0:15',	1506,	1,	1,	'2024-12-01 12:16:11'),
(150602,	'02 - Transportfähigkeit sicherstellen ',	'Verlastung der Ausstattung der Teileinheit 0:45',	1506,	1,	1,	'2024-12-01 12:16:11'),
(150701,	'01 - Erkunden (groß) ',	'Ablauf der Erkundung in der eigenen Taktischen Einheit 0:30',	1507,	1,	1,	'2024-12-01 12:16:11'),
(150702,	'02 - Erkunden (groß) ',	'Fachspezifische Abhängigkeiten und Aspekte der Erkundung 1:00',	1507,	1,	1,	'2024-12-01 12:16:11'),
(150703,	'03 - Erkunden (groß) ',	'Phasen und Möglichkeiten der Erkundung 3:00',	1507,	1,	1,	'2024-12-01 12:16:11'),
(150704,	'04 - Erkunden (groß) ',	'Erkundungsübung 3:00',	1507,	1,	1,	'2024-12-01 12:16:11'),
(150801,	'01 - Einrichten und Betreiben Meldekopf/Lotsenstelle ',	'Grundsätze Lotsen und Zuführen von Teil-/Einheiten 0:45',	1508,	1,	1,	'2024-12-01 12:16:11'),
(150802,	'02 - Einrichten und Betreiben Meldekopf/Lotsenstelle ',	'Grundlagen Meldekopf/Bereitstellungsraum 1:00',	1508,	1,	1,	'2024-12-01 12:16:11'),
(150901,	'01 - Fernmelden ',	'Gerätekunde Fernmeldeausstattung der Teileinheit 1:00',	1509,	1,	1,	'2024-12-01 12:16:11'),
(150902,	'02 - Fernmelden ',	'Betriebsarten, besondere Rufgruppen, Zusammenarbeit mit anderen BOS 0:30',	1509,	1,	1,	'2024-12-01 12:16:11'),
(150903,	'03 - Fernmelden ',	'Betrieb der Fernmelde- und Kommunikationsmittel 3:00',	1509,	1,	1,	'2024-12-01 12:16:11'),
(151001,	'01 - Datenverarbeitung ',	'Gerätekunde 1:00',	1510,	1,	1,	'2024-12-01 12:16:11'),
(151002,	'02 - Datenverarbeitung ',	'Softwareprodukte 1:30',	1510,	1,	1,	'2024-12-01 12:16:11'),
(151003,	'03 - Datenverarbeitung ',	'Informationssicherheit 1:00',	1510,	1,	1,	'2024-12-01 12:16:11'),
(151101,	'01 - Übertragung/Transport von Daten (einfach) ',	'Arten der Datenübermittlung 0:30',	1511,	1,	1,	'2024-12-01 12:16:11'),
(151102,	'02 - Übertragung/Transport von Daten (einfach) ',	'Gerätekunde 1:00',	1511,	1,	1,	'2024-12-01 12:16:11'),
(151201,	'01 - Einrichten und Betreiben einer THW-FüSt ohne Stab ',	'Grundlagen der Einrichtung von Führungsstellen 0:45',	1512,	1,	1,	'2024-12-01 12:16:11'),
(151202,	'02 - Einrichten und Betreiben einer THW-FüSt ohne Stab ',	'Vor- und Nachteile der Einrichtungsmöglichkeiten 0:30',	1512,	1,	1,	'2024-12-01 12:16:11'),
(151203,	'03 - Einrichten und Betreiben einer THW-FüSt ohne Stab ',	'Einrichten und Betreiben einer Befehls- bzw',	1512,	1,	1,	'2024-12-01 12:16:11'),
(151301,	'01 - Führen von Teileinheiten ',	'Aufgaben, Einsatzoptionen, Gliederung, Funktionen und Ausstattung des Technische 2:00',	1513,	1,	1,	'2024-12-01 12:16:11'),
(151302,	'02 - Führen von Teileinheiten ',	'Aufgaben, Einsatzoptionen, Gliederung, Funktionen und Ausstattung des THW nach S 1:30',	1513,	1,	1,	'2024-12-01 12:16:11'),
(151303,	'03 - Führen von Teileinheiten ',	'Grundlagen 4:00',	1513,	1,	1,	'2024-12-01 12:16:11'),
(151304,	'04 - Führen von Teileinheiten ',	'Zusammenarbeit und Schnittstellen innerhalb des THW 2:00',	1513,	1,	1,	'2024-12-01 12:16:11'),
(151305,	'05 - Führen von Teileinheiten ',	'Zusammenarbeit mit Bedarfsträgern, anderen Organisationen 2:00',	1513,	1,	1,	'2024-12-01 12:16:11'),
(151306,	'06 - Führen von Teileinheiten ',	'Ablauforganisation in Führungsstellen 1:00',	1513,	1,	1,	'2024-12-01 12:16:11'),
(151307,	'07 - Führen von Teileinheiten ',	'Führen einer Lagekarte 4:00',	1513,	1,	1,	'2024-12-01 12:16:11'),
(151308,	'08 - Führen von Teileinheiten ',	'Lagemeldung, Lagevortrag 1:00',	1513,	1,	1,	'2024-12-01 12:16:11'),
(151309,	'09 - Führen von Teileinheiten ',	'Einsatzdokumentation, -unterlagen 3:00',	1513,	1,	1,	'2024-12-01 12:16:11'),
(151310,	'10 - Führen von Teileinheiten ',	'Grundlagen Personalplanung 1:00',	1513,	1,	1,	'2024-12-01 12:16:11'),
(151311,	'11 - Führen von Teileinheiten ',	'Grundlagen Logistik 1:30',	1513,	1,	1,	'2024-12-01 12:16:11'),
(330101,	'01 - Führen ',	'Aufgaben, Einsatzoptionen, Gliederung, Funktion und Ausstattung der eigenen Teil 1:00',	3301,	4,	19,	'2024-12-01 12:16:11'),
(330102,	'02 - Führen ',	'Grundlagen der Führung 1:00',	3301,	4,	19,	'2024-12-01 12:16:11'),
(330103,	'03 - Führen ',	'Zusammenarbeit mit anderen (Teil-)Einheiten, Bedarfsträgern, anderen Organisatio 0:45',	3301,	4,	19,	'2024-12-01 12:16:11'),
(330104,	'04 - Führen ',	'Grundsätze des Meldewesens 0:45',	3301,	4,	19,	'2024-12-01 12:16:11'),
(330105,	'05 - Führen ',	'Grundlagen der Einsatznachbereitung 0:30',	3301,	4,	19,	'2024-12-01 12:16:11'),
(330201,	'01 - Eigenschutz ',	'Gefahren an der Einsatzstelle 1:00',	3302,	4,	19,	'2024-12-01 12:16:11'),
(330202,	'02 - Eigenschutz ',	'Einhaltung von Rechtsgrundlagen, Unfallverhütungsvorschriften, Dienstvorschrifte 1:00',	3302,	4,	19,	'2024-12-01 12:16:11'),
(330203,	'03 - Eigenschutz ',	'Spezifische Gefahren an der Einsatzstelle 1:00',	3302,	4,	19,	'2024-12-01 12:16:11'),
(330204,	'04 - Eigenschutz ',	'Eigenschutz mit der Ausstattung der Teileinheit 1:00',	3302,	4,	19,	'2024-12-01 12:16:11'),
(330301,	'01 - Absperren/Absichern ',	'Absichern der Einsatz-/Gefahrenstelle auch im Verkehrsraum 1:30',	3303,	4,	19,	'2024-12-01 12:16:11'),
(330302,	'02 - Absperren/Absichern ',	'Fachgruppenspezifische Absicherungsmaßnahmen 0:30',	3303,	4,	19,	'2024-12-01 12:16:11'),
(330401,	'01 - Ersthelfen ',	'Erste-Hilfe-Ausstattung der Teileinheit 0:45',	3304,	4,	19,	'2024-12-01 12:16:11'),
(330402,	'02 - Ersthelfen ',	'Brandschutzausstattung der Teileinheit 0:45',	3304,	4,	19,	'2024-12-01 12:16:11'),
(330501,	'01 - Erkunden (Boden) ',	'Grundsätze und Vorgehen bei der Erkundung 1:00',	3305,	4,	19,	'2024-12-01 12:16:11'),
(330502,	'02 - Erkunden (Boden) ',	'Erkundungsdurchführung 2:00',	3305,	4,	19,	'2024-12-01 12:16:11'),
(330503,	'03 - Erkunden (Boden) ',	'Darstellung Erkundungsergebnisse 1:00',	3305,	4,	19,	'2024-12-01 12:16:11'),
(330601,	'01 - Transportfähigkeit sicherstellen ',	'Transportmöglichkeiten der Teileinheit 1:30',	3306,	4,	19,	'2024-12-01 12:16:11'),
(330602,	'02 - Transportfähigkeit sicherstellen ',	'Verlastung der eigenen Ausstattung 2:30',	3306,	4,	19,	'2024-12-01 12:16:11'),
(330603,	'03 - Transportfähigkeit sicherstellen ',	'Zuwasserbringen / aus dem Wasser bringen der Wasserfahrzeuge 1:00',	3306,	4,	19,	'2024-12-01 12:16:11'),
(330701,	'01 - Transportieren von Personen (Land) ',	'Kennenlernen der fachgruppenspezifischen Ausstattung 0:30',	3307,	4,	19,	'2024-12-01 12:16:11'),
(330801,	'01 - Transportieren von Gütern (Land) ',	'Recht 0:30',	3308,	4,	19,	'2024-12-01 12:16:11'),
(330802,	'02 - Transportieren von Gütern (Land) ',	'Transportauftrag 0:30',	3308,	4,	19,	'2024-12-01 12:16:11'),
(330803,	'03 - Transportieren von Gütern (Land) ',	'Transportmittel 0:30',	3308,	4,	19,	'2024-12-01 12:16:11'),
(330804,	'04 - Transportieren von Gütern (Land) ',	'Pack- und Ladehilfsmittel 1:00',	3308,	4,	19,	'2024-12-01 12:16:11'),
(330901,	'01 - Transport von Gefahrgütern (Land, leicht) ',	'Kennenlernen der fachgruppenspezifischen Ausstattung 0:30',	3309,	4,	19,	'2024-12-01 12:16:11'),
(331001,	'01 - Transport von Containern ',	'Ladungssicherung ISO-Container 0:30',	3310,	4,	19,	'2024-12-01 12:16:11'),
(331002,	'02 - Transport von Containern ',	'Ladungssicherung Abroll-Container 0:30',	3310,	4,	19,	'2024-12-01 12:16:11'),
(331003,	'03 - Transport von Containern ',	'Ladungssicherung im Container 0:30',	3310,	4,	19,	'2024-12-01 12:16:11'),
(331004,	'04 - Transport von Containern ',	'Ladungssicherung von/in Wechselbrücken 0:30',	3310,	4,	19,	'2024-12-01 12:16:11'),
(331101,	'01 - Umschlagen (Stückgut) ',	'Rechtsgrundlagen 0:15',	3311,	4,	19,	'2024-12-01 12:16:11'),
(331102,	'02 - Umschlagen (Stückgut) ',	'Maschinelle Hilfsmittel 1:00',	3311,	4,	19,	'2024-12-01 12:16:11'),
(331103,	'03 - Umschlagen (Stückgut) ',	'Ladevorgang 1:30',	3311,	4,	19,	'2024-12-01 12:16:11'),
(331104,	'04 - Umschlagen (Stückgut) ',	'Ladungssicherung auf einer Transporteinheit 1:30',	3311,	4,	19,	'2024-12-01 12:16:11'),
(331201,	'01 - Transport von Personen (Wasser, leicht) ',	'Grundlagen, Regelungen, gesetzliche Vorgaben 0:30',	3312,	4,	19,	'2024-12-01 12:16:11'),
(331202,	'02 - Transport von Personen (Wasser, leicht) ',	'Transportdurchführung 1:30',	3312,	4,	19,	'2024-12-01 12:16:11'),
(331301,	'01 - Transportieren von Gütern (Wasser, leicht) ',	'Grundsätze, Vorgaben und gesetzliche Regelungen 1:30',	3313,	4,	19,	'2024-12-01 12:16:11'),
(331302,	'02 - Transportieren von Gütern (Wasser, leicht) ',	'Ladungssicherung auf Wasserfahrzeugen 2:00',	3313,	4,	19,	'2024-12-01 12:16:11'),
(331303,	'03 - Transportieren von Gütern (Wasser, leicht) ',	'Besonderheiten bei Wasserfahrzeugen 0:45',	3313,	4,	19,	'2024-12-01 12:16:11'),
(331401,	'01 - Tragen Atemschutz (leicht) ',	'Grundlagen Atemschutz 0:30',	3314,	4,	19,	'2024-12-01 12:16:11'),
(331402,	'02 - Tragen Atemschutz (leicht) ',	'Handhabung und Einsatz von Atemschutz 0:30',	3314,	4,	19,	'2024-12-01 12:16:11'),
(331501,	'01 - Tragen Atemschutz (schwer) ',	'Unterstützung und Hilfestellungen für Atemschutzgeräteträger/-innen 1:00',	3315,	4,	19,	'2024-12-01 12:16:11'),
(331601,	'01 - Tragen CSA (leicht) ',	'Grundlagen Schutzanzüge 0:45',	3316,	4,	19,	'2024-12-01 12:16:11'),
(331602,	'02 - Tragen CSA (leicht) ',	'Handhabung und Einsatz von Schutzanzügen 2:00',	3316,	4,	19,	'2024-12-01 12:16:11'),
(331701,	'01 - Elektroarbeiten (Betrieb, klein) ',	'Grundlagen der Elektrotechnik 0:30',	3317,	4,	19,	'2024-12-01 12:16:11'),
(331702,	'02 - Elektroarbeiten (Betrieb, klein) ',	'Gefahren und Sicherheit im Umgang mit elektrischem Strom 0:30',	3317,	4,	19,	'2024-12-01 12:16:11'),
(331703,	'03 - Elektroarbeiten (Betrieb, klein) ',	'Elektroausstattung für den Inselbetrieb ohne zusätzliche Erdung bis 13kVA 0:30',	3317,	4,	19,	'2024-12-01 12:16:11'),
(331704,	'04 - Elektroarbeiten (Betrieb, klein) ',	'Aufbau und Betrieb der Stromversorgung 0:45',	3317,	4,	19,	'2024-12-01 12:16:11'),
(331705,	'05 - Elektroarbeiten (Betrieb, klein) ',	'Nutzung externer Stromversorgung 0:15',	3317,	4,	19,	'2024-12-01 12:16:11'),
(331801,	'01 - Elektroarbeiten (Betrieb, mittel) ',	'Grundlagen der Elektroarbeiten bis 75kVA 2:00',	3318,	4,	19,	'2024-12-01 12:16:11'),
(331802,	'02 - Elektroarbeiten (Betrieb, mittel) ',	'Elektroausstattung für den Betrieb bis 75kVA 3:00',	3318,	4,	19,	'2024-12-01 12:16:11'),
(331803,	'03 - Elektroarbeiten (Betrieb, mittel) ',	'Messgeräte und Grundlagen der Messtechnik 1:00',	3318,	4,	19,	'2024-12-01 12:16:11'),
(331804,	'04 - Elektroarbeiten (Betrieb, mittel) ',	'Einrichtung und Betrieb von temporären Netzen in unterschiedlichen Netzformen 3:00',	3318,	4,	19,	'2024-12-01 12:16:11'),
(331805,	'05 - Elektroarbeiten (Betrieb, mittel) ',	'Einspeisung in stromlose Gebäude oder bestehende Netze 0:30',	3318,	4,	19,	'2024-12-01 12:16:11'),
(331901,	'01 - Beleuchten (klein) ',	'Grundlagen der Beleuchtung 0:30',	3319,	4,	19,	'2024-12-01 12:16:11'),
(331902,	'02 - Beleuchten (klein) ',	'Beleuchtungsausstattung der Teileinheit 0:45',	3319,	4,	19,	'2024-12-01 12:16:11'),
(331903,	'03 - Beleuchten (klein) ',	'Aufbau einer Beleuchtung 0:30',	3319,	4,	19,	'2024-12-01 12:16:11'),
(332001,	'01 - Beleuchten (mittel) ',	'Grundlagen der Flächenbeleuchtung 0:30',	3320,	4,	19,	'2024-12-01 12:16:11'),
(332002,	'02 - Beleuchten (mittel) ',	'Ausstattung zur Ausleuchtung von Flächen und Strecken 0:30',	3320,	4,	19,	'2024-12-01 12:16:11'),
(332003,	'03 - Beleuchten (mittel) ',	'Aufbau und Betrieb einer Flächenbeleuchtung 2:00',	3320,	4,	19,	'2024-12-01 12:16:11'),
(332101,	'01 - Behelfsmäßig Überwinden ',	'Überwinden von Hindernissen 1:00',	3321,	4,	19,	'2024-12-01 12:16:11'),
(332102,	'02 - Behelfsmäßig Überwinden ',	'Arbeiten im absturzgefährdeten Bereich 2:00',	3321,	4,	19,	'2024-12-01 12:16:11'),
(332201,	'01 - Zerteilen Holz ',	'Geräte- / Materialkunde 1:00',	3322,	4,	19,	'2024-12-01 12:16:11'),
(332202,	'02 - Zerteilen Holz ',	'Bearbeiten von Holz (manuell/elektrisch) 2:00',	3322,	4,	19,	'2024-12-01 12:16:11'),
(332203,	'03 - Zerteilen Holz ',	'Bearbeiten von Holz (Motorsäge) 5:00',	3322,	4,	19,	'2024-12-01 12:16:11'),
(332301,	'01 - Arbeiten am Wasser ',	'Arbeiten am Wasser 2:00',	3323,	4,	19,	'2024-12-01 12:16:11'),
(332302,	'02 - Arbeiten am Wasser ',	'Deichverteidigung und Hochwasserschutz 2:00',	3323,	4,	19,	'2024-12-01 12:16:11'),
(332303,	'03 - Arbeiten am Wasser ',	'Arbeiten aus dem Wasserfahrzeug manuell 1:30',	3323,	4,	19,	'2024-12-01 12:16:11'),
(332401,	'01 - Pumparbeiten (mittel) ',	'Gerätekunde und physikalische Grundlagen 1:30',	3324,	4,	19,	'2024-12-01 12:16:11'),
(332402,	'02 - Pumparbeiten (mittel) ',	'Einsatzoptionen und Pumparbeiten 3:00',	3324,	4,	19,	'2024-12-01 12:16:11'),
(332501,	'01 - Notunterbringung ',	'Gerätekunde 2:00',	3325,	4,	19,	'2024-12-01 12:16:11'),
(332502,	'02 - Notunterbringung ',	'Aufbau und Organisation einer behelfsmäßigen Unterbringung 4:00',	3325,	4,	19,	'2024-12-01 12:16:11'),
(332503,	'03 - Notunterbringung ',	'Betrieb einer behelfsmäßigen Unterbringung 2:00',	3325,	4,	19,	'2024-12-01 12:16:11'),
(332601,	'01 - Notversorgung ',	'Grundlagen der Notversorgung und Gerätekunde 1:30',	3326,	4,	19,	'2024-12-01 12:16:11'),
(332602,	'02 - Notversorgung ',	'Dokumentation und Nachweisführung 1:00',	3326,	4,	19,	'2024-12-01 12:16:11'),
(332603,	'03 - Notversorgung ',	'Betriebsstoffversorgung 1:30',	3326,	4,	19,	'2024-12-01 12:16:11'),
(332604,	'04 - Notversorgung ',	'Verbrauchsgüterversorgung 1:00',	3326,	4,	19,	'2024-12-01 12:16:11'),
(332701,	'01 - Durchführung von technischer Hilfe ',	'Unterstützung innerhalb des Ortsverbands 2:00',	3327,	4,	19,	'2024-12-01 12:16:11'),
(332702,	'02 - Durchführung von technischer Hilfe ',	'Unterstützung innerhalb des Technischen Zuges 4:00',	3327,	4,	19,	'2024-12-01 12:16:11'),
(332703,	'03 - Durchführung von technischer Hilfe ',	'Unterstützung des Fachzuges Logistik 1:00',	3327,	4,	19,	'2024-12-01 12:16:11'),
(332704,	'04 - Durchführung von technischer Hilfe ',	'Unterstützung des Fachzuges Führung/Kommunikation 0:45',	3327,	4,	19,	'2024-12-01 12:16:11'),
(332705,	'05 - Durchführung von technischer Hilfe ',	'Unterstützung in Bereitstellungsräumen 0:45',	3327,	4,	19,	'2024-12-01 12:16:11'),
(1420101,	'01 - Führen ',	'Aufgaben, Einsatzoptionen, Gliederung, Funktionen und Ausstattung der eigenen Te 1:30',	14201,	6,	31,	'2024-12-01 12:16:11'),
(1420102,	'02 - Führen ',	'Grundlagen der Führung 1:00',	14201,	6,	31,	'2024-12-01 12:16:11'),
(1420103,	'03 - Führen ',	'Zusammenarbeit mit anderen (Teil-)Einheiten, Bedarfsträgern, anderen Organisatio 0:30',	14201,	6,	31,	'2024-12-01 12:16:11'),
(1420104,	'04 - Führen ',	'Grundsätze des Meldewesens 0:45',	14201,	6,	31,	'2024-12-01 12:16:11'),
(1420105,	'05 - Führen ',	'Grundlagen der Einsatznachbereitung 0:30',	14201,	6,	31,	'2024-12-01 12:16:11'),
(1420201,	'01 - Eigenschutz ',	'Gefahrenmerkschema 0:30',	14202,	6,	31,	'2024-12-01 12:16:11'),
(1420202,	'02 - Eigenschutz ',	'Einhaltung von Rechtsgrundlagen, Unfallverhütungsvorschriften, Dienstvorschrifte 1:30',	14202,	6,	31,	'2024-12-01 12:16:11'),
(1420203,	'03 - Eigenschutz ',	'Spezifische Gefahren an der Einsatzstelle 2:00',	14202,	6,	31,	'2024-12-01 12:16:11'),
(1420204,	'04 - Eigenschutz ',	'Eigenschutz mit der Ausstattung der Teileinheit 1:30',	14202,	6,	31,	'2024-12-01 12:16:11'),
(1420301,	'01 - Absperren/Absichern ',	'Absichern der Einsatz-/Gefahrenstelle auch im Verkehrsraum 0:45',	14203,	6,	31,	'2024-12-01 12:16:11'),
(1420401,	'01 - Ersthelfen ',	'Erste-Hilfe-Ausstattung der Teileinheit 0:45',	14204,	6,	31,	'2024-12-01 12:16:11'),
(1420402,	'02 - Ersthelfen ',	'Brandschutzausstattung der Teileinheit 0:45',	14204,	6,	31,	'2024-12-01 12:16:11'),
(1420501,	'01 - Erkunden (Boden) ',	'Grundsätze und Vorgehen bei der Erkundung 0:45',	14205,	6,	31,	'2024-12-01 12:16:11'),
(1420502,	'02 - Erkunden (Boden) ',	'Erkundungsdurchführung 1:30',	14205,	6,	31,	'2024-12-01 12:16:11'),
(1420503,	'03 - Erkunden (Boden) ',	'Darstellung Erkundungsergebnisse 0:45',	14205,	6,	31,	'2024-12-01 12:16:11'),
(1420601,	'01 - Transportfähigkeit sicherstellen ',	'Transportmöglichkeiten der Teileinheit 1:00',	14206,	6,	31,	'2024-12-01 12:16:11'),
(1420602,	'02 - Transportfähigkeit sicherstellen ',	'Verlastung der Ausstattung der Teileinheit 2:00',	14206,	6,	31,	'2024-12-01 12:16:11'),
(1420701,	'01 - Tragen Atemschutz (leicht) ',	'Grundlagen Atemschutz 0:45',	14207,	6,	31,	'2024-12-01 12:16:11'),
(1420702,	'02 - Tragen Atemschutz (leicht) ',	'Handhabung und Einsatz von Atemschutz 0:30',	14207,	6,	31,	'2024-12-01 12:16:11'),
(1420801,	'01 - Tragen Atemschutz (schwer) ',	'Unterstützung und Hilfestellungen für Atemschutzgeräteträger/-innen 0:45',	14208,	6,	31,	'2024-12-01 12:16:11'),
(1420901,	'01 - Tragen CSA (leicht) ',	'Grundlagen Schutzanzüge 0:45',	14209,	6,	31,	'2024-12-01 12:16:11'),
(1420902,	'02 - Tragen CSA (leicht) ',	'Handhabung und Einsatz von Schutzanzügen 2:00',	14209,	6,	31,	'2024-12-01 12:16:11'),
(1421001,	'01 - Elektroarbeiten (Betrieb, klein) ',	'Grundlagen der Elektrotechnik 0:30',	14210,	6,	31,	'2024-12-01 12:16:11'),
(1421002,	'02 - Elektroarbeiten (Betrieb, klein) ',	'Gefahren und Sicherheit im Umgang mit elektrischem Strom 0:30',	14210,	6,	31,	'2024-12-01 12:16:11'),
(1421003,	'03 - Elektroarbeiten (Betrieb, klein) ',	'Elektroausstattung für den Inselbetrieb ohne zusätzliche Erdung bis 13kVA 0:30',	14210,	6,	31,	'2024-12-01 12:16:11'),
(1421004,	'04 - Elektroarbeiten (Betrieb, klein) ',	'Aufbau und Betrieb der Stromversorgung 0:45',	14210,	6,	31,	'2024-12-01 12:16:11'),
(1421005,	'05 - Elektroarbeiten (Betrieb, klein) ',	'Nutzung externer Stromversorgung 0:15',	14210,	6,	31,	'2024-12-01 12:16:11'),
(1421101,	'01 - Beleuchten (klein) ',	'Grundlagen der Beleuchtung 0:30',	14211,	6,	31,	'2024-12-01 12:16:11'),
(1421102,	'02 - Beleuchten (klein) ',	'Beleuchtungsausstattung der Teileinheit 0:15',	14211,	6,	31,	'2024-12-01 12:16:11'),
(1421103,	'03 - Beleuchten (klein) ',	'Aufbau einer Beleuchtung 0:30',	14211,	6,	31,	'2024-12-01 12:16:11'),
(1421201,	'01 - Behelfsmäßig Überwinden ',	'Überwinden von Hindernissen 1:00',	14212,	6,	31,	'2024-12-01 12:16:11'),
(1421202,	'02 - Behelfsmäßig Überwinden ',	'Arbeiten im Absturzgefährdeten Bereich 3:00',	14212,	6,	31,	'2024-12-01 12:16:11'),
(1421203,	'03 - Behelfsmäßig Überwinden ',	'Herstellen von einfachen Konstruktionen zum Überwinden von Hindernissen oder Grä 1:00',	14212,	6,	31,	'2024-12-01 12:16:11'),
(1421301,	'01 - Beräumen / mechanisches Einwirken (leicht) ',	'Geräte der Teileinheit 2:00',	14213,	6,	31,	'2024-12-01 12:16:11'),
(1421302,	'02 - Beräumen / mechanisches Einwirken (leicht) ',	'Bearbeiten, Durchtrennen und Durchbrechen von Trümmern 5:00',	14213,	6,	31,	'2024-12-01 12:16:11'),
(1421303,	'03 - Beräumen / mechanisches Einwirken (leicht) ',	'Bearbeiten von Erdboden und sonstigem Schüttgut 0:30',	14213,	6,	31,	'2024-12-01 12:16:11'),
(1421401,	'01 - Vermessen ',	'Mathematische Grundlagen 0:30',	14214,	6,	31,	'2024-12-01 12:16:11'),
(1421402,	'02 - Vermessen ',	'Grundlagen der Vermessung 0:45',	14214,	6,	31,	'2024-12-01 12:16:11'),
(1421403,	'03 - Vermessen ',	'Gerätekunde 2:00',	14214,	6,	31,	'2024-12-01 12:16:11'),
(1421404,	'04 - Vermessen ',	'Einfache Lagevermessung 1:00',	14214,	6,	31,	'2024-12-01 12:16:11'),
(1421405,	'05 - Vermessen ',	'Absteckung 1:30',	14214,	6,	31,	'2024-12-01 12:16:11'),
(1421406,	'06 - Vermessen ',	'Dokumentation in der Vermessung 1:00',	14214,	6,	31,	'2024-12-01 12:16:11'),
(1421501,	'01 - Tiefbauarbeiten/Erdarbeiten (leicht) ',	'Bearbeiten von Erdboden und sonstigen Materialen 1:00',	14215,	6,	31,	'2024-12-01 12:16:11'),
(1421502,	'02 - Tiefbauarbeiten/Erdarbeiten (leicht) ',	'Herstellen von einfachen Behelfskonstruktionen 1:00',	14215,	6,	31,	'2024-12-01 12:16:11'),
(1421601,	'01 - Arbeiten am Wasser ',	'Arbeiten am Wasser 1:30',	14216,	6,	31,	'2024-12-01 12:16:11'),
(1421602,	'02 - Arbeiten am Wasser ',	'Deichverteidigung und Hochwasserschutz 2:00',	14216,	6,	31,	'2024-12-01 12:16:11'),
(1421701,	'01 - Erkunden Öl ',	'Grundsätze und Vorgehen bei der Erkundung, Erkundungsausstattung 1:00',	14217,	6,	31,	'2024-12-01 12:16:11'),
(1421702,	'02 - Erkunden Öl ',	'Erkundungsdurchführung 2:00',	14217,	6,	31,	'2024-12-01 12:16:11'),
(1421703,	'03 - Erkunden Öl ',	'Erkundungsdarstellung 0:30',	14217,	6,	31,	'2024-12-01 12:16:11'),
(1421801,	'01 - Sichern Öl/Wasser (klein) ',	'Grundlagen der Ölschadenbekämpfung 4:00',	14218,	6,	31,	'2024-12-01 12:16:11'),
(1421802,	'02 - Sichern Öl/Wasser (klein) ',	'Messgeräte, Nachweismittel und deren Funktionsweise 1:00',	14218,	6,	31,	'2024-12-01 12:16:11'),
(1421803,	'03 - Sichern Öl/Wasser (klein) ',	'Aufnahme von Mineralölen mittels Bindemittel 2:00',	14218,	6,	31,	'2024-12-01 12:16:11'),
(1421804,	'04 - Sichern Öl/Wasser (klein) ',	'Leckabdichtung an Leitungen und Tanks 2:00',	14218,	6,	31,	'2024-12-01 12:16:11'),
(1421805,	'05 - Sichern Öl/Wasser (klein) ',	'Sichern von Öltanks 2:00',	14218,	6,	31,	'2024-12-01 12:16:11'),
(1421901,	'01 - Netz- und Leitungsbau (Abwasser, groß) ',	'Grundlagen der Abwasserentsorgung 1:00',	14219,	6,	31,	'2024-12-01 12:16:11'),
(1421902,	'02 - Netz- und Leitungsbau (Abwasser, groß) ',	'Die fachspezifischen Geräte und Werkzeugausstattung 0:45',	14219,	6,	31,	'2024-12-01 12:16:11'),
(1421903,	'03 - Netz- und Leitungsbau (Abwasser, groß) ',	'Erstellen von Abwasserinstallationen 3:00',	14219,	6,	31,	'2024-12-01 12:16:11'),
(1421904,	'04 - Netz- und Leitungsbau (Abwasser, groß) ',	'Sichern und Instandsetzen von beschädigten Abwasserinstallationen 2:00',	14219,	6,	31,	'2024-12-01 12:16:11'),
(1422001,	'01 - Pumparbeiten (klein) ',	'Gerätekunde und physikalische Grundlagen 1:30',	14220,	6,	31,	'2024-12-01 12:16:11'),
(1422002,	'02 - Pumparbeiten (klein) ',	'Einsatzoptionen und Pumparbeiten 2:00',	14220,	6,	31,	'2024-12-01 12:16:11'),
(1422101,	'01 - Pumparbeiten (groß) ',	'Pumpausstattung größer 1',	14221,	6,	31,	'2024-12-01 12:16:11'),
(1422102,	'02 - Pumparbeiten (groß) ',	'Pumparbeiten, Ableitung und Pufferung 6:00',	14221,	6,	31,	'2024-12-01 12:16:11'),
(1422201,	'01 - Pumparbeiten mit Großpumpe (mittel) ',	'Gerätekunde Großpumpe 1:00',	14222,	6,	31,	'2024-12-01 12:16:11'),
(1422202,	'02 - Pumparbeiten mit Großpumpe (mittel) ',	'Einsatzoptionen, Aufbau und Betrieb 4:00',	14222,	6,	31,	'2024-12-01 12:16:11'),
(2340101,	'01 - Führen ',	'Aufgaben, Einsatzoptionen, Gliederung, Funktionen und Ausstattung der eigenen Te 1:30',	23401,	5,	25,	'2024-12-01 12:16:11'),
(2340102,	'02 - Führen ',	'Grundlagen der Führung 1:30',	23401,	5,	25,	'2024-12-01 12:16:11'),
(2340103,	'03 - Führen ',	'Zusammenarbeit mit anderen (Teil-)Einheiten, Bedarfsträgern, anderen Organisatio 1:00',	23401,	5,	25,	'2024-12-01 12:16:11'),
(2340104,	'04 - Führen ',	'Grundsätze des Meldewesens 0:45',	23401,	5,	25,	'2024-12-01 12:16:11'),
(2340105,	'05 - Führen ',	'Grundlagen der Einsatzvor- und -nachbereitung 0:45',	23401,	5,	25,	'2024-12-01 12:16:11'),
(2340201,	'01 - Eigenschutz ',	'Gefahrenmerkschema 0:30',	23402,	5,	25,	'2024-12-01 12:16:11'),
(2340202,	'02 - Eigenschutz ',	'Einhaltung von Rechtsgrundlagen, Unfallverhütungsvorschriften, Dienstvorschrifte 1:00',	23402,	5,	25,	'2024-12-01 12:16:11'),
(2340203,	'03 - Eigenschutz ',	'Spezifische Gefahren in der FGr Ortung 2:45',	23402,	5,	25,	'2024-12-01 12:16:11'),
(2340204,	'04 - Eigenschutz ',	'Eigenschutz mit der Ausstattung der Teileinheit 1:00',	23402,	5,	25,	'2024-12-01 12:16:11'),
(2340301,	'01 - Absperren/Absichern ',	'Absichern der Einsatz-/Gefahrenstelle auch im Verkehrsraum 0:45',	23403,	5,	25,	'2024-12-01 12:16:11'),
(2340302,	'02 - Absperren/Absichern ',	'Absicherung von Suchgebieten 0:30',	23403,	5,	25,	'2024-12-01 12:16:11'),
(2340401,	'01 - Ersthelfen ',	'Erste-Hilfe-Ausstattung der Teileinheit 0:45',	23404,	5,	25,	'2024-12-01 12:16:11'),
(2340402,	'02 - Ersthelfen ',	'Brandschutzausstattung der Teileinheit 0:30',	23404,	5,	25,	'2024-12-01 12:16:11'),
(2340403,	'03 - Ersthelfen ',	'Erste-Hilfe am Rettungshund 1:00',	23404,	5,	25,	'2024-12-01 12:16:11'),
(2340404,	'04 - Ersthelfen ',	'Verhaltensweisen von dementen, verwirrten oder sich selbstgefährdenden Personen 1:00',	23404,	5,	25,	'2024-12-01 12:16:11'),
(2340501,	'01 - Erkunden (Boden) ',	'Grundsätze und Vorgehen bei der Erkundung 1:00',	23405,	5,	25,	'2024-12-01 12:16:11'),
(2340502,	'02 - Erkunden (Boden) ',	'Erkundungsdurchführung 2:00',	23405,	5,	25,	'2024-12-01 12:16:11'),
(2340503,	'03 - Erkunden (Boden) ',	'Darstellung Erkundungsergebnisse 2:00',	23405,	5,	25,	'2024-12-01 12:16:11'),
(2340601,	'01 - Transportfähigkeit sicherstellen ',	'Transportmöglichkeiten der Teileinheit 0:15',	23406,	5,	25,	'2024-12-01 12:16:11'),
(2340602,	'02 - Transportfähigkeit sicherstellen ',	'Transport der Rettungshunde 1:00',	23406,	5,	25,	'2024-12-01 12:16:11'),
(2340603,	'03 - Transportfähigkeit sicherstellen ',	'Verlastung der Ausstattung der Teileinheit 1:00',	23406,	5,	25,	'2024-12-01 12:16:11'),
(2340701,	'01 - Bergen/Retten von Personen (leicht) ',	'Grundlagen der Rettung und Bergung 2:00',	23407,	5,	25,	'2024-12-01 12:16:11'),
(2340702,	'02 - Bergen/Retten von Personen (leicht) ',	'Ausstattung zum einfachen Retten und Bergen 3:00',	23407,	5,	25,	'2024-12-01 12:16:11'),
(2340703,	'03 - Bergen/Retten von Personen (leicht) ',	'Überwinden von Hindernissen 1:30',	23407,	5,	25,	'2024-12-01 12:16:11'),
(2340704,	'04 - Bergen/Retten von Personen (leicht) ',	'Arbeiten im absturzgefährdeten Bereich 4:00',	23407,	5,	25,	'2024-12-01 12:16:11'),
(2340705,	'05 - Bergen/Retten von Personen (leicht) ',	'Einführung in die Baukunde und Systematik der Schadenstellen 3:30',	23407,	5,	25,	'2024-12-01 12:16:11'),
(2340801,	'01 - Orten (biologisch) ',	'Grundsätze der biologischen Ortung 3:00',	23408,	5,	25,	'2024-12-01 12:16:11'),
(2340802,	'02 - Orten (biologisch) ',	'Durchführung der biologischen Ortung 9:00',	23408,	5,	25,	'2024-12-01 12:16:11'),
(2340901,	'01 - Orten (technisch, Boden) ',	'Grundsätze der technischen Ortung 3:00',	23409,	5,	25,	'2024-12-01 12:16:11'),
(2340902,	'02 - Orten (technisch, Boden) ',	'Ausstattungssatz technische Ortungsgeräte im THW 3:30',	23409,	5,	25,	'2024-12-01 12:16:11'),
(2340903,	'03 - Orten (technisch, Boden) ',	'Durchführung der technischen Ortung 5:00',	23409,	5,	25,	'2024-12-01 12:16:11'),
(2340904,	'04 - Orten (technisch, Boden) ',	'Ortung von Ver- und Entsorgungsleitungen 1:30',	23409,	5,	25,	'2024-12-01 12:16:11'),
(2410101,	'01 - Führen ',	'Aufgaben, Einsatzoptionen, Gliederung, Funktionen und Ausstattung der eigenen Te 0:45',	24101,	8,	40,	'2024-12-01 12:16:11'),
(2410102,	'02 - Führen ',	'Grundlagen der Führung 1:00',	24101,	8,	40,	'2024-12-01 12:16:11'),
(2410103,	'03 - Führen ',	'Zusammenarbeit mit anderen (Teil-)Einheiten, Bedarfsträgern, anderen Organisatio 0:30',	24101,	8,	40,	'2024-12-01 12:16:11'),
(2410104,	'04 - Führen ',	'Grundsätze des Meldewesens 0:45',	24101,	8,	40,	'2024-12-01 12:16:11'),
(2410105,	'05 - Führen ',	'Grundlagen der Einsatznachbereitung 0:30',	24101,	8,	40,	'2024-12-01 12:16:11'),
(2410201,	'01 - Eigenschutz ',	'Gefahrenmerkschema 0:30',	24102,	8,	40,	'2024-12-01 12:16:11'),
(2410202,	'02 - Eigenschutz ',	'Einhaltung von Rechtsgrundlagen, Unfallverhütungsvorschriften, Dienstvorschrifte 1:30',	24102,	8,	40,	'2024-12-01 12:16:11'),
(2410203,	'03 - Eigenschutz ',	'Spezifische Gefahren im Trupp UL 1:30',	24102,	8,	40,	'2024-12-01 12:16:11'),
(2410204,	'04 - Eigenschutz ',	'Eigenschutz mit der Ausstattung der Teileinheit 0:30',	24102,	8,	40,	'2024-12-01 12:16:11'),
(2410301,	'01 - Absperren/Absichern ',	'Absichern der Einsatz-/Gefahrenstelle auch im Verkehrsraum 0:45',	24103,	8,	40,	'2024-12-01 12:16:11'),
(2410302,	'02 - Absperren/Absichern ',	'Absicherung von Landestellen 0:15',	24103,	8,	40,	'2024-12-01 12:16:11'),
(2410401,	'01 - Ersthelfen ',	'Erste-Hilfe-Ausstattung der Teileinheit 0:45',	24104,	8,	40,	'2024-12-01 12:16:11'),
(2410402,	'02 - Ersthelfen ',	'Brandschutzausstattung der Teileinheit 0:30',	24104,	8,	40,	'2024-12-01 12:16:11'),
(2410501,	'01 - Erkunden (Boden) ',	'Grundsätze und Vorgehen bei der Erkundung 1:00',	24105,	8,	40,	'2024-12-01 12:16:11'),
(2410502,	'02 - Erkunden (Boden) ',	'Erkundungsdurchführung 2:45',	24105,	8,	40,	'2024-12-01 12:16:11'),
(2410503,	'03 - Erkunden (Boden) ',	'Darstellung Erkundungsergebnisse 2:00',	24105,	8,	40,	'2024-12-01 12:16:11'),
(2410601,	'01 - Transportfähigkeit sicherstellen ',	'Transportmöglichkeiten der Teileinheit 0:15',	24106,	8,	40,	'2024-12-01 12:16:11'),
(2410602,	'02 - Transportfähigkeit sicherstellen ',	'Verlastung der Ausstattung der Teileinheit 0:30',	24106,	8,	40,	'2024-12-01 12:16:11'),
(2410701,	'01 - Datenverarbeitung ',	'Gerätekunde 1:00',	24107,	8,	40,	'2024-12-01 12:16:11'),
(2410702,	'02 - Datenverarbeitung ',	'Softwareprodukte 0:45',	24107,	8,	40,	'2024-12-01 12:16:11'),
(2410703,	'03 - Datenverarbeitung ',	'Informationssicherheit 1:00',	24107,	8,	40,	'2024-12-01 12:16:11'),
(2410801,	'01 - Übertragung/Transport von Daten (einfach) ',	'Arten der Datenübermittlung 0:30',	24108,	8,	40,	'2024-12-01 12:16:11'),
(2410802,	'02 - Übertragung/Transport von Daten (einfach) ',	'Gerätekunde 1:00',	24108,	8,	40,	'2024-12-01 12:16:11'),
(2410901,	'01 - Erkunden (Luft) ',	'Ausstattungssatz UL im THW 3:00',	24109,	8,	40,	'2024-12-01 12:16:11'),
(2410902,	'02 - Erkunden (Luft) ',	'Flugvorbereitung 5:00',	24109,	8,	40,	'2024-12-01 12:16:11'),
(2410903,	'03 - Erkunden (Luft) ',	'Flugbetrieb 3:00',	24109,	8,	40,	'2024-12-01 12:16:11'),
(2410904,	'04 - Erkunden (Luft) ',	'EU-Kompetenznachweis A1 / A3 1:30',	24109,	8,	40,	'2024-12-01 12:16:11'),
(2410905,	'05 - Erkunden (Luft) ',	'Luftauswertung/Erkundungsaufgaben 2:00',	24109,	8,	40,	'2024-12-01 12:16:11'),
(2411001,	'01 - Orten (technisch, Luft) ',	'Grundsätze der Ortung 3:00',	24110,	8,	40,	'2024-12-01 12:16:11'),
(2411002,	'02 - Orten (technisch, Luft) ',	'Durchführung der Ortung aus der Luft 2:00',	24110,	8,	40,	'2024-12-01 12:16:11'),
(2600101,	'01 - Führen ',	'Aufgaben, Einsatzoptionen, Gliederung, Funktionen und Ausstattung der eigenen Te 1:00',	26001,	7,	37,	'2024-12-01 12:16:11'),
(2600102,	'02 - Führen ',	'Grundlagen der Führung 1:00',	26001,	7,	37,	'2024-12-01 12:16:11'),
(2600103,	'03 - Führen ',	'Zusammenarbeit mit anderen (Teil-)Einheiten, Bedarfsträgern, anderen Organisatio 0:30',	26001,	7,	37,	'2024-12-01 12:16:11'),
(2600104,	'04 - Führen ',	'Grundsätze des Meldewesens 0:45',	26001,	7,	37,	'2024-12-01 12:16:11'),
(2600105,	'05 - Führen ',	'Grundlagen der Einsatznachbereitung 0:30',	26001,	7,	37,	'2024-12-01 12:16:11'),
(2600201,	'01 - Eigenschutz ',	'Gefahrenmerkschema 0:30',	26002,	7,	37,	'2024-12-01 12:16:11'),
(2600202,	'02 - Eigenschutz ',	'Einhaltung von Rechtsgrundlagen, Unfallverhütungsvorschriften, Dienstvorschrifte 1:00',	26002,	7,	37,	'2024-12-01 12:16:11'),
(2600203,	'03 - Eigenschutz ',	'Spezifische Gefahren im Trupp MHP 0:45',	26002,	7,	37,	'2024-12-01 12:16:11'),
(2600204,	'04 - Eigenschutz ',	'Eigenschutz mit der Ausstattung der Teileinheit 1:00',	26002,	7,	37,	'2024-12-01 12:16:11'),
(2600301,	'01 - Absperren/Absichern ',	'Absichern der Einsatz-/ Gefahrenstelle auch im Verkehrsraum 0:45',	26003,	7,	37,	'2024-12-01 12:16:11'),
(2600302,	'02 - Absperren/Absichern ',	'Absichern von Messstellen 1:00',	26003,	7,	37,	'2024-12-01 12:16:11'),
(2600401,	'01 - Ersthelfen ',	'Erste-Hilfe-Ausstattung der Teileinheit 0:45',	26004,	7,	37,	'2024-12-01 12:16:11'),
(2600402,	'02 - Ersthelfen ',	'Brandschutzausstattung der Teileinheit 0:30',	26004,	7,	37,	'2024-12-01 12:16:11'),
(2600501,	'01 - Erkunden (Boden) ',	'Grundsätze und Vorgehen bei der Erkundung 1:00',	26005,	7,	37,	'2024-12-01 12:16:11'),
(2600502,	'02 - Erkunden (Boden) ',	'Erkundungsdurchführung 2:00',	26005,	7,	37,	'2024-12-01 12:16:11'),
(2600503,	'03 - Erkunden (Boden) ',	'Darstellung Erkundungsergebnisse 1:00',	26005,	7,	37,	'2024-12-01 12:16:11'),
(2600601,	'01 - Transportfähigkeit sicherstellen ',	'Transportmöglichkeiten der Teileinheit 0:15',	26006,	7,	37,	'2024-12-01 12:16:11'),
(2600602,	'02 - Transportfähigkeit sicherstellen ',	'Verlastung der Ausstattung der Teileinheit 0:30',	26006,	7,	37,	'2024-12-01 12:16:11'),
(2600701,	'01 - Transportieren von Personen (Land) ',	'Kennenlernen der fachgruppenspezifischen Ausstattung 0:15',	26007,	7,	37,	'2024-12-01 12:16:11'),
(2600801,	'01 - Datenverarbeitung ',	'Gerätekunde 1:00',	26008,	7,	37,	'2024-12-01 12:16:11'),
(2600802,	'02 - Datenverarbeitung ',	'Softwareprodukte 0:45',	26008,	7,	37,	'2024-12-01 12:16:11'),
(2600803,	'03 - Datenverarbeitung ',	'Informationssicherheit 1:00',	26008,	7,	37,	'2024-12-01 12:16:11'),
(2600901,	'01 - Übertragung/Transport von Daten (einfach) ',	'Arten der Datenübermittlung 0:30',	26009,	7,	37,	'2024-12-01 12:16:11'),
(2600902,	'02 - Übertragung/Transport von Daten (einfach) ',	'Gerätekunde 1:00',	26009,	7,	37,	'2024-12-01 12:16:11'),
(2601001,	'01 - Vermessen ',	'Mathematische Grundlagen 0:30',	26010,	7,	37,	'2024-12-01 12:16:11'),
(2601002,	'02 - Vermessen ',	'Grundlagen der Vermessung 0:45',	26010,	7,	37,	'2024-12-01 12:16:11'),
(2601003,	'03 - Vermessen ',	'Gerätekunde 1:30',	26010,	7,	37,	'2024-12-01 12:16:11'),
(2601004,	'04 - Vermessen ',	'Einfache Lagevermessung 1:00',	26010,	7,	37,	'2024-12-01 12:16:11'),
(2601005,	'05 - Vermessen ',	'Absteckung 0:45',	26010,	7,	37,	'2024-12-01 12:16:11'),
(2601006,	'06 - Vermessen ',	'Dokumentation in der Vermessung 0:45',	26010,	7,	37,	'2024-12-01 12:16:11'),
(2601101,	'01 - Arbeiten am Wasser ',	'Arbeiten am Wasser 1:30',	26011,	7,	37,	'2024-12-01 12:16:11'),
(2601102,	'02 - Arbeiten am Wasser ',	'Deichverteidigung und Hochwasserschutz 2:00',	26011,	7,	37,	'2024-12-01 12:16:11'),
(2601201,	'01 - Mobile Hochwassermessung ',	'Einsatzoptionen und Einsatztaktik „Mobiler Hochwasserpegel“ (MHP) 3:00',	26012,	7,	37,	'2024-12-01 12:16:11'),
(2601202,	'02 - Mobile Hochwassermessung ',	'Ausstattungssatz MHP im THW 5:00',	26012,	7,	37,	'2024-12-01 12:16:11'),
(2601203,	'03 - Mobile Hochwassermessung ',	'Mess-Durchführung 5:00',	26012,	7,	37,	'2024-12-01 12:16:11'),
(2601204,	'04 - Mobile Hochwassermessung ',	'Mess-Auswertung 3:00',	26012,	7,	37,	'2024-12-01 12:16:11'),
(2601205,	'05 - Mobile Hochwassermessung ',	'Ortung eines MHP 1:30',	26012,	7,	37,	'2024-12-01 12:16:11'),
(3000101,	'01 - Führen ',	'Aufgaben, Einsatzoptionen, Gliederung, Funktionen und Ausstattung der eigenen Te 1:00',	30001,	2,	7,	'2024-12-01 12:16:11'),
(3000102,	'02 - Führen ',	'Grundlagen der Führung 1:00',	30001,	2,	7,	'2024-12-01 12:16:11'),
(3000103,	'03 - Führen ',	'Zusammenarbeit mit anderen (Teil-)Einheiten, Bedarfsträgern, anderen Organisatio 0:30',	30001,	2,	7,	'2024-12-01 12:16:11'),
(3000104,	'04 - Führen ',	'Grundsätze des Meldewesens 0:45',	30001,	2,	7,	'2024-12-01 12:16:11'),
(3000105,	'05 - Führen ',	'Grundlagen der Einsatznachbereitung 0:30',	30001,	2,	7,	'2024-12-01 12:16:11'),
(3000201,	'01 - Eigenschutz ',	'Gefahrenmerkschema 0:30',	30002,	2,	7,	'2024-12-01 12:16:11'),
(3000202,	'02 - Eigenschutz ',	'Einhaltung von Rechtsgrundlagen, Unfallverhütungsvorschriften, Dienstvorschrifte 1:30',	30002,	2,	7,	'2024-12-01 12:16:11'),
(3000203,	'03 - Eigenschutz ',	'Spezifische Gefahren an der Einsatzstelle 2:00',	30002,	2,	7,	'2024-12-01 12:16:11'),
(3000204,	'04 - Eigenschutz ',	'Eigenschutz mit der Ausstattung der Teileinheit 1:30',	30002,	2,	7,	'2024-12-01 12:16:11'),
(3000301,	'01 - Absperren/Absichern ',	'Absichern der Einsatz-/Gefahrenstelle auch im Verkehrsraum 0:45',	30003,	2,	7,	'2024-12-01 12:16:11'),
(3000401,	'01 - Ersthelfen ',	'Erste-Hilfe-Ausstattung der Teileinheit 0:45',	30004,	2,	7,	'2024-12-01 12:16:11'),
(3000402,	'02 - Ersthelfen ',	'Brandschutzausstattung der Teileinheit 0:45',	30004,	2,	7,	'2024-12-01 12:16:11'),
(3000501,	'01 - Erkunden (Boden) ',	'Grundsätze und Vorgehen bei der Erkundung 0:45',	30005,	2,	7,	'2024-12-01 12:16:11'),
(3000502,	'02 - Erkunden (Boden) ',	'Erkundungsdurchführung 1:30',	30005,	2,	7,	'2024-12-01 12:16:11'),
(3000503,	'03 - Erkunden (Boden) ',	'Darstellung Erkundungsergebnisse 0:45',	30005,	2,	7,	'2024-12-01 12:16:11'),
(3000601,	'01 - Transportfähigkeit sicherstellen ',	'Transportmöglichkeiten der Teileinheit 0:30',	30006,	2,	7,	'2024-12-01 12:16:11'),
(3000602,	'02 - Transportfähigkeit sicherstellen ',	'Verlastung der Ausstattung der Teileinheit 1:30',	30006,	2,	7,	'2024-12-01 12:16:11'),
(3000701,	'01 - Tragen Atemschutz (leicht) ',	'Grundlagen Atemschutz 0:45',	30007,	2,	7,	'2024-12-01 12:16:11'),
(3000702,	'02 - Tragen Atemschutz (leicht) ',	'Handhabung und Einsatz von Atemschutz 0:30',	30007,	2,	7,	'2024-12-01 12:16:11'),
(3000801,	'01 - Tragen Atemschutz (schwer) ',	'Unterstützung und Hilfestellungen für Atemschutzgeräteträger/-innen 0:45',	30008,	2,	7,	'2024-12-01 12:16:11'),
(3000901,	'01 - Tragen CSA (leicht) ',	'Grundlagen Schutzanzüge 0:45',	30009,	2,	7,	'2024-12-01 12:16:11'),
(3000902,	'02 - Tragen CSA (leicht) ',	'Handhabung und Einsatz von Schutzanzügen 2:00',	30009,	2,	7,	'2024-12-01 12:16:11'),
(3001001,	'01 - Elektroarbeiten (Betrieb, klein) ',	'Grundlagen der Elektrotechnik 0:30',	30010,	2,	7,	'2024-12-01 12:16:11'),
(3001002,	'02 - Elektroarbeiten (Betrieb, klein) ',	'Gefahren und Sicherheit im Umgang mit elektrischem Strom 0:30',	30010,	2,	7,	'2024-12-01 12:16:11'),
(3001003,	'03 - Elektroarbeiten (Betrieb, klein) ',	'Elektroausstattung für den Inselbetrieb ohne zusätzliche Erdung bis 13kVA 0:30',	30010,	2,	7,	'2024-12-01 12:16:11'),
(3001004,	'04 - Elektroarbeiten (Betrieb, klein) ',	'Aufbau und Betrieb der Stromversorgung 0:45',	30010,	2,	7,	'2024-12-01 12:16:11'),
(3001005,	'05 - Elektroarbeiten (Betrieb, klein) ',	'Nutzung externer Stromversorgung 0:15',	30010,	2,	7,	'2024-12-01 12:16:11'),
(3001101,	'01 - Beleuchten (klein) ',	'Grundlagen der Beleuchtung 0:30',	30011,	2,	7,	'2024-12-01 12:16:11'),
(3001102,	'02 - Beleuchten (klein) ',	'Beleuchtungsausstattung der Teileinheit 0:45',	30011,	2,	7,	'2024-12-01 12:16:11'),
(3001103,	'03 - Beleuchten (klein) ',	'Aufbau einer Beleuchtung 0:30',	30011,	2,	7,	'2024-12-01 12:16:11'),
(3001201,	'01 - Behelfsmäßig Überwinden ',	'Überwinden von Hindernissen 1:00',	30012,	2,	7,	'2024-12-01 12:16:11'),
(3001202,	'02 - Behelfsmäßig Überwinden ',	'Arbeiten im Absturzgefährdeten Bereich 2:00',	30012,	2,	7,	'2024-12-01 12:16:11'),
(3001203,	'03 - Behelfsmäßig Überwinden ',	'Herstellen von einfachen Konstruktionen zum Überwinden von Hindernissen oder Grä 3:30',	30012,	2,	7,	'2024-12-01 12:16:11'),
(3001301,	'01 - Zerteilen Holz ',	'Geräte- / Materialkunde 1:00',	30013,	2,	7,	'2024-12-01 12:16:11'),
(3001302,	'02 - Zerteilen Holz ',	'Bearbeiten von Holz (manuell/elektrisch) 2:00',	30013,	2,	7,	'2024-12-01 12:16:11'),
(3001303,	'03 - Zerteilen Holz ',	'Bearbeiten von Holz (Motorsäge) 5:00',	30013,	2,	7,	'2024-12-01 12:16:11'),
(3001401,	'01 - Brückenbau/Stegebau (behelfsmäßig) ',	'Grundlagen 1:30',	30014,	2,	7,	'2024-12-01 12:16:11'),
(3001402,	'02 - Brückenbau/Stegebau (behelfsmäßig) ',	'Arten von einfachen Stegen 3:00',	30014,	2,	7,	'2024-12-01 12:16:11'),
(3001403,	'03 - Brückenbau/Stegebau (behelfsmäßig) ',	'Bau von einfachen Stegen 9:00',	30014,	2,	7,	'2024-12-01 12:16:11'),
(3001501,	'01 - Arbeiten am Wasser ',	'Arbeiten am Wasser 1:30',	30015,	2,	7,	'2024-12-01 12:16:11'),
(3001502,	'02 - Arbeiten am Wasser ',	'Deichverteidigung und Hochwasserschutz 2:00',	30015,	2,	7,	'2024-12-01 12:16:11'),
(3001601,	'01 - Pumparbeiten (klein) ',	'Gerätekunde und physikalische Grundlagen 1:00',	30016,	2,	7,	'2024-12-01 12:16:11'),
(3001602,	'02 - Pumparbeiten (klein) ',	'Einsatzoptionen und Pumparbeiten 1:30',	30016,	2,	7,	'2024-12-01 12:16:11'),
(3001701,	'01 - Beräumen/mechanisch Einwirken (leicht) ',	'Geräte der Teileinheit 2:00',	30017,	2,	7,	'2024-12-01 12:16:11'),
(3001702,	'02 - Beräumen/mechanisch Einwirken (leicht) ',	'Bearbeiten, Durchtrennen und Durchbrechen von Trümmern 5:00',	30017,	2,	7,	'2024-12-01 12:16:11'),
(3001703,	'03 - Beräumen/mechanisch Einwirken (leicht) ',	'Bearbeiten von Erdboden und sonstigem Schüttgut 0:30',	30017,	2,	7,	'2024-12-01 12:16:11'),
(3001801,	'01 - Bewegen von Lasten (technisch, leicht) ',	'Manuelles Bewegen von Lasten 1:00',	30018,	2,	7,	'2024-12-01 12:16:11'),
(3001802,	'02 - Bewegen von Lasten (technisch, leicht) ',	'Bewegen von Lasten durch Zuggeräte 4:00',	30018,	2,	7,	'2024-12-01 12:16:11'),
(3001901,	'01 - Bewegen von Lasten (technisch, mittel) ',	'Hydraulisches Bewegen von Lasten 4:00',	30019,	2,	7,	'2024-12-01 12:16:11'),
(3002001,	'01 - Bewegen von Lasten (technisch, schwer) ',	'Pneumatisches Bewegen von Lasten 2:00',	30020,	2,	7,	'2024-12-01 12:16:11'),
(3002101,	'01 - Schweißen, Brennschneiden (Metalle, autogen) ',	'Gerätekunde 0:30',	30021,	2,	7,	'2024-12-01 12:16:11'),
(3002102,	'02 - Schweißen, Brennschneiden (Metalle, autogen) ',	'Unterstützende Tätigkeit 0:30',	30021,	2,	7,	'2024-12-01 12:16:11'),
(3002201,	'01 - Niederlegen von Bauwerken oder Bauwerksteilen (manuell) ',	'Einführung in die Baukunde und die Systematik der Schadensstellen 2:00',	30022,	2,	7,	'2024-12-01 12:16:11'),
(3002202,	'02 - Niederlegen von Bauwerken oder Bauwerksteilen (manuell) ',	'Manuelles Niederlegen 3:00',	30022,	2,	7,	'2024-12-01 12:16:11'),
(3002301,	'01 - Tiefbauarbeiten/Erdarbeiten (leicht) ',	'Bearbeiten von Erdboden und sonstigen Materialen 1:00',	30023,	2,	7,	'2024-12-01 12:16:11'),
(3002302,	'02 - Tiefbauarbeiten/Erdarbeiten (leicht) ',	'Herstellen von einfachen Behelfskonstruktionen 1:00',	30023,	2,	7,	'2024-12-01 12:16:11'),
(3002401,	'01 - Technisch sichern, Hilfskonstruktionen errichten ',	'Grundlagen und Sicherheit im Abstützeinsatz 0:45',	30024,	2,	7,	'2024-12-01 12:16:11'),
(3002402,	'02 - Technisch sichern, Hilfskonstruktionen errichten ',	'Geräte- und Materialkunde 0:45',	30024,	2,	7,	'2024-12-01 12:16:11'),
(3002403,	'03 - Technisch sichern, Hilfskonstruktionen errichten ',	'Holzverbindungen 2:00',	30024,	2,	7,	'2024-12-01 12:16:11'),
(3002404,	'04 - Technisch sichern, Hilfskonstruktionen errichten ',	'Lotrechte Abstützungen 3:30',	30024,	2,	7,	'2024-12-01 12:16:11'),
(3002405,	'05 - Technisch sichern, Hilfskonstruktionen errichten ',	'Horizontale Abstützungen 3:30',	30024,	2,	7,	'2024-12-01 12:16:11'),
(3002406,	'06 - Technisch sichern, Hilfskonstruktionen errichten ',	'Schräge Abstützungen 2:30',	30024,	2,	7,	'2024-12-01 12:16:11'),
(3002407,	'07 - Technisch sichern, Hilfskonstruktionen errichten ',	'Abstützungen von Schrägen und Rutschflächen 2:30',	30024,	2,	7,	'2024-12-01 12:16:11'),
(3002408,	'08 - Technisch sichern, Hilfskonstruktionen errichten ',	'Innere Verspannung 2:00',	30024,	2,	7,	'2024-12-01 12:16:11'),
(3002409,	'09 - Technisch sichern, Hilfskonstruktionen errichten ',	'Tür- und Fenstersicherungen 2:00',	30024,	2,	7,	'2024-12-01 12:16:11'),
(3002501,	'01 - Technisch sichern, Hilfskonstruktionen errichten EGS ',	'Grundlagen und Sicherheit im EGS-Einsatz 1:00',	30025,	2,	7,	'2024-12-01 12:16:11'),
(3002502,	'02 - Technisch sichern, Hilfskonstruktionen errichten EGS ',	'Geräte- und Materialkunde 1:00',	30025,	2,	7,	'2024-12-01 12:16:11'),
(3002503,	'03 - Technisch sichern, Hilfskonstruktionen errichten EGS ',	'Lotrechte und Schräge Abstützungen 4:00',	30025,	2,	7,	'2024-12-01 12:16:11'),
(3002504,	'04 - Technisch sichern, Hilfskonstruktionen errichten EGS ',	'Rettungsplattformen 4:00',	30025,	2,	7,	'2024-12-01 12:16:11'),
(3002505,	'05 - Technisch sichern, Hilfskonstruktionen errichten EGS ',	'Anschlagpunkte und Ausleger 3:00',	30025,	2,	7,	'2024-12-01 12:16:11'),
(3002506,	'06 - Technisch sichern, Hilfskonstruktionen errichten EGS ',	'Hilfskonstruktionen 5:00',	30025,	2,	7,	'2024-12-01 12:16:11'),
(3002601,	'01 - Bergen/Retten von Personen (mittel) ',	'Grundlagen und Entwicklung des Bergungseinsatzes 1:30',	30026,	2,	7,	'2024-12-01 12:16:11'),
(3002602,	'02 - Bergen/Retten von Personen (mittel) ',	'Transport von Personen aus Schadensstellen 1:30',	30026,	2,	7,	'2024-12-01 12:16:11'),
(3002603,	'03 - Bergen/Retten von Personen (mittel) ',	'Schaffen von Rettungsöffnungen und Befreien aus Zwangslagen 6:30',	30026,	2,	7,	'2024-12-01 12:16:11'),
(3002604,	'04 - Bergen/Retten von Personen (mittel) ',	'Retten aus Höhen und Tiefen 8:00',	30026,	2,	7,	'2024-12-01 12:16:11'),
(3002605,	'05 - Bergen/Retten von Personen (mittel) ',	'Retten aus Fahrzeugen 3:00',	30026,	2,	7,	'2024-12-01 12:16:11'),
(3002701,	'01 - Bergen/Retten von Tieren/Sachwerten (manuell) ',	'Rettung von Tieren 1:00',	30027,	2,	7,	'2024-12-01 12:16:11'),
(3002702,	'02 - Bergen/Retten von Tieren/Sachwerten (manuell) ',	'Bergung von Sachwerten 1:00',	30027,	2,	7,	'2024-12-01 12:16:11'),
(3200101,	'01 - Führen ',	'Aufgaben, Einsatzoptionen, Gliederung, Funktionen und Ausstattung der eigenen Te 1:00',	32001,	3,	13,	'2024-12-01 12:16:11'),
(3200102,	'02 - Führen ',	'Grundlagen der Führung 1:00',	32001,	3,	13,	'2024-12-01 12:16:11'),
(3200103,	'03 - Führen ',	'Zusammenarbeit mit anderen (Teil-)Einheiten, Bedarfsträgern, anderen Organisatio 1:00',	32001,	3,	13,	'2024-12-01 12:16:11'),
(3200104,	'04 - Führen ',	'Grundsätze des Meldewesens 0:45',	32001,	3,	13,	'2024-12-01 12:16:11'),
(3200105,	'05 - Führen ',	'Grundlagen der Einsatzvor- und -nachbereitung 0:30',	32001,	3,	13,	'2024-12-01 12:16:11'),
(3200201,	'01 - Eigenschutz ',	'Gefahrenmerkschema 0:30',	32002,	3,	13,	'2024-12-01 12:16:11'),
(3200202,	'02 - Eigenschutz ',	'Einhaltung von Rechtsgrundlagen, Unfallverhütungsvorschriften, Dienstvorschrifte 1:00',	32002,	3,	13,	'2024-12-01 12:16:11'),
(3200203,	'03 - Eigenschutz ',	'Spezifische Gefahren an der Einsatzstelle 2:45',	32002,	3,	13,	'2024-12-01 12:16:11'),
(3200204,	'04 - Eigenschutz ',	'Eigenschutz mit der Ausstattung der Teileinheit 1:00',	32002,	3,	13,	'2024-12-01 12:16:11'),
(3200301,	'01 - Absperren/Absichern ',	'Absichern der Einsatz-/Gefahrenstelle auch im Verkehrsraum 0:45',	32003,	3,	13,	'2024-12-01 12:16:11'),
(3200401,	'01 - Ersthelfen ',	'Erste-Hilfe-Ausstattung der Teileinheit 0:45',	32004,	3,	13,	'2024-12-01 12:16:11'),
(3200402,	'02 - Ersthelfen ',	'Brandschutzausstattung der Teileinheit 0:30',	32004,	3,	13,	'2024-12-01 12:16:11'),
(3200501,	'01 - Erkunden (Boden) ',	'Grundsätze und Vorgehen bei der Erkundung 1:00',	32005,	3,	13,	'2024-12-01 12:16:11'),
(3200502,	'02 - Erkunden (Boden) ',	'Erkundungsdurchführung 2:00',	32005,	3,	13,	'2024-12-01 12:16:11'),
(3200503,	'03 - Erkunden (Boden) ',	'Darstellung Erkundungsergebnisse 2:00',	32005,	3,	13,	'2024-12-01 12:16:11'),
(3200601,	'01 - Transportfähigkeit sicherstellen ',	'Transportmöglichkeiten der Teileinheit 0:15',	32006,	3,	13,	'2024-12-01 12:16:11'),
(3200602,	'02 - Transportfähigkeit sicherstellen ',	'Verlastung der Ausstattung der Teileinheit 1:00',	32006,	3,	13,	'2024-12-01 12:16:11'),
(3200701,	'01 - Transportieren von Gütern (Land) ',	'Recht 0:15',	32007,	3,	13,	'2024-12-01 12:16:11'),
(3200702,	'02 - Transportieren von Gütern (Land) ',	'Transportauftrag 0:15',	32007,	3,	13,	'2024-12-01 12:16:11'),
(3200703,	'03 - Transportieren von Gütern (Land) ',	'Transportmittel 0:15',	32007,	3,	13,	'2024-12-01 12:16:11'),
(3200704,	'04 - Transportieren von Gütern (Land) ',	'Pack- und Ladehilfsmittel 0:45',	32007,	3,	13,	'2024-12-01 12:16:11'),
(3200801,	'01 - Transportieren von Gefahrgütern (Land, leicht) ',	'Kennenlernen der fachgruppenspezifischen Ausstattung 0:30',	32008,	3,	13,	'2024-12-01 12:16:11'),
(3200901,	'01 - Tragen Atemschutz (leicht) ',	'Grundlagen Atemschutz 0:45',	32009,	3,	13,	'2024-12-01 12:16:11'),
(3200902,	'02 - Tragen Atemschutz (leicht) ',	'Handhabung und Einsatz von Atemschutz 0:30',	32009,	3,	13,	'2024-12-01 12:16:11'),
(3201001,	'01 - Tragen Atemschutz (schwer) ',	'Unterstützung und Hilfestellungen für Atemschutzgeräteträger/-innen 0:45',	32010,	3,	13,	'2024-12-01 12:16:11'),
(3201101,	'01 - Tragen CSA (leicht) ',	'Grundlagen Schutzanzüge 0:45',	32011,	3,	13,	'2024-12-01 12:16:11'),
(3201102,	'02 - Tragen CSA (leicht) ',	'Handhabung und Einsatz von Schutzanzügen 2:00',	32011,	3,	13,	'2024-12-01 12:16:11'),
(3201201,	'01 - Elektroarbeiten (Betrieb, klein) ',	'Grundlagen der Elektrotechnik 0:30',	32012,	3,	13,	'2024-12-01 12:16:11'),
(3201202,	'02 - Elektroarbeiten (Betrieb, klein) ',	'Gefahren und Sicherheit im Umgang mit elektrischem Strom 0:30',	32012,	3,	13,	'2024-12-01 12:16:11'),
(3201203,	'03 - Elektroarbeiten (Betrieb, klein) ',	'Elektroausstattung für den Inselbetrieb ohne zusätzliche Erdung bis 13kVA 0:30',	32012,	3,	13,	'2024-12-01 12:16:11'),
(3201204,	'04 - Elektroarbeiten (Betrieb, klein) ',	'Aufbau und Betrieb der Stromversorgung 0:45',	32012,	3,	13,	'2024-12-01 12:16:11'),
(3201205,	'05 - Elektroarbeiten (Betrieb, klein) ',	'Nutzung externer Stromversorgung 0:15',	32012,	3,	13,	'2024-12-01 12:16:11'),
(3201301,	'01 - Beleuchten (klein) ',	'Grundlagen der Beleuchtung 0:30',	32013,	3,	13,	'2024-12-01 12:16:11'),
(3201302,	'02 - Beleuchten (klein) ',	'Beleuchtungsausstattung der Teileinheit 0:45',	32013,	3,	13,	'2024-12-01 12:16:11'),
(3201303,	'03 - Beleuchten (klein) ',	'Aufbau einer Beleuchtung 0:30',	32013,	3,	13,	'2024-12-01 12:16:11'),
(3201401,	'01 - Behelfsmäßig Überwinden ',	'Überwinden von Hindernissen 1:00',	32014,	3,	13,	'2024-12-01 12:16:11'),
(3201402,	'02 - Behelfsmäßig Überwinden ',	'Arbeiten im Absturzgefährdeten Bereich 1:45',	32014,	3,	13,	'2024-12-01 12:16:11'),
(3201501,	'01 - Zerteilen Holz ',	'Geräte- / Materialkunde 1:00',	32015,	3,	13,	'2024-12-01 12:16:11'),
(3201502,	'02 - Zerteilen Holz ',	'Bearbeiten von Holz (manuell/elektrisch) 2:00',	32015,	3,	13,	'2024-12-01 12:16:11'),
(3201503,	'03 - Zerteilen Holz ',	'Bearbeiten von Holz (Motorsäge) 5:00',	32015,	3,	13,	'2024-12-01 12:16:11'),
(3201601,	'01 - Arbeiten am Wasser ',	'Arbeiten am Wasser 1:30',	32016,	3,	13,	'2024-12-01 12:16:11'),
(3201602,	'02 - Arbeiten am Wasser ',	'Deichverteidigung und Hochwasserschutz 2:00',	32016,	3,	13,	'2024-12-01 12:16:11'),
(3201701,	'01 - Pumparbeiten (klein) ',	'Gerätekunde und Physikalische Grundlagen 1:00',	32017,	3,	13,	'2024-12-01 12:16:11'),
(3201702,	'02 - Pumparbeiten (klein) ',	'Einsatzoptionen und Pumparbeiten 1:30',	32017,	3,	13,	'2024-12-01 12:16:11'),
(3201801,	'01 - Beräumen / mechanisch einwirken (leicht) ',	'Geräte der Teileinheit 2:00',	32018,	3,	13,	'2024-12-01 12:16:11'),
(3201802,	'02 - Beräumen / mechanisch einwirken (leicht) ',	'Bearbeiten, Durchtrennen und Durchbrechen von Trümmern 5:00',	32018,	3,	13,	'2024-12-01 12:16:11'),
(3201803,	'03 - Beräumen / mechanisch einwirken (leicht) ',	'Bearbeiten von Erdboden und sonstigen Schüttgut 0:30',	32018,	3,	13,	'2024-12-01 12:16:11'),
(3201901,	'01 - Bewegen von Lasten (technisch, leicht) ',	'Manuelles Bewegen von Lasten 1:00',	32019,	3,	13,	'2024-12-01 12:16:11'),
(3201902,	'02 - Bewegen von Lasten (technisch, leicht) ',	'Bewegen von Lasten durch Zuggeräte 3:00',	32019,	3,	13,	'2024-12-01 12:16:11'),
(3202001,	'01 - Bewegen von Lasten (technisch, mittel) ',	'Hydraulisches Bewegen von Lasten 4:00',	32020,	3,	13,	'2024-12-01 12:16:11'),
(3202101,	'01 - Bewegen von Lasten (technisch, schwer) ',	'Pneumatisches Bewegen von Lasten 3:00',	32021,	3,	13,	'2024-12-01 12:16:11'),
(3202201,	'01 - Schweißen (Metalle, elektrisch) ',	'Gerätekunde 1:00',	32022,	3,	13,	'2024-12-01 12:16:11'),
(3202202,	'02 - Schweißen (Metalle, elektrisch) ',	'Unterstützende Tätigkeit 1:00',	32022,	3,	13,	'2024-12-01 12:16:11'),
(3202301,	'01 - Thermisches Trennen (Plasma) ',	'Geräte- / Materialkunde 0:45',	32023,	3,	13,	'2024-12-01 12:16:11'),
(3202302,	'02 - Thermisches Trennen (Plasma) ',	'Unterstützende Tätigkeit 0:45',	32023,	3,	13,	'2024-12-01 12:16:11'),
(3202401,	'01 - Niederlegen von Bauwerken oder Bauwerksteilen (manuell) ',	'Einführung in die Baukunde und die Systematik der Schadensstellen 2:00',	32024,	3,	13,	'2024-12-01 12:16:11'),
(3202402,	'02 - Niederlegen von Bauwerken oder Bauwerksteilen (manuell) ',	'Manuelles Niederlegen 3:00',	32024,	3,	13,	'2024-12-01 12:16:11'),
(3202501,	'01 - Tiefbauarbeiten / Erdarbeiten (leicht) ',	'Bearbeiten von Erdboden und sonstigen Materialen 1:00',	32025,	3,	13,	'2024-12-01 12:16:11'),
(3202502,	'02 - Tiefbauarbeiten / Erdarbeiten (leicht) ',	'Herstellen von einfachen Behelfskonstruktionen 1:00',	32025,	3,	13,	'2024-12-01 12:16:11'),
(3202601,	'01 - Technisch sichern, Hilfskonstruktionen errichten ',	'Grundlagen und Sicherheit im Abstützeinsatz 0:45',	32026,	3,	13,	'2024-12-01 12:16:11'),
(3202602,	'02 - Technisch sichern, Hilfskonstruktionen errichten ',	'Geräte- und Materialkunde 0:45',	32026,	3,	13,	'2024-12-01 12:16:11'),
(3202603,	'03 - Technisch sichern, Hilfskonstruktionen errichten ',	'Holzverbindungen 2:00',	32026,	3,	13,	'2024-12-01 12:16:11'),
(3202604,	'04 - Technisch sichern, Hilfskonstruktionen errichten ',	'Lotrechte Abstützungen 3:30',	32026,	3,	13,	'2024-12-01 12:16:11'),
(3202605,	'05 - Technisch sichern, Hilfskonstruktionen errichten ',	'Horizontale Abstützungen 3:30',	32026,	3,	13,	'2024-12-01 12:16:11'),
(3202606,	'06 - Technisch sichern, Hilfskonstruktionen errichten ',	'Schräge Abstützungen 2:30',	32026,	3,	13,	'2024-12-01 12:16:11'),
(3202607,	'07 - Technisch sichern, Hilfskonstruktionen errichten ',	'Abstützungen von Schrägen und Rutschflächen 2:30',	32026,	3,	13,	'2024-12-01 12:16:11'),
(3202608,	'08 - Technisch sichern, Hilfskonstruktionen errichten ',	'Innere Verspannung 2:00',	32026,	3,	13,	'2024-12-01 12:16:11'),
(3202609,	'09 - Technisch sichern, Hilfskonstruktionen errichten ',	'Tür- und Fenstersicherungen 2:00',	32026,	3,	13,	'2024-12-01 12:16:11'),
(3202701,	'01 - Bergen/Retten von Personen (mittel) ',	'Grundlagen und Entwicklung des Bergungseinsatzes 1:30',	32027,	3,	13,	'2024-12-01 12:16:11'),
(3202702,	'02 - Bergen/Retten von Personen (mittel) ',	'Transport von Personen aus Schadensstellen 1:30',	32027,	3,	13,	'2024-12-01 12:16:11'),
(3202703,	'03 - Bergen/Retten von Personen (mittel) ',	'Schaffen von Rettungsöffnungen und Befreien aus Zwangslagen 6:30',	32027,	3,	13,	'2024-12-01 12:16:11'),
(3202704,	'04 - Bergen/Retten von Personen (mittel) ',	'Retten aus Höhen und Tiefen 8:00',	32027,	3,	13,	'2024-12-01 12:16:11'),
(3202705,	'05 - Bergen/Retten von Personen (mittel) ',	'Retten aus Fahrzeugen 3:00',	32027,	3,	13,	'2024-12-01 12:16:11'),
(3202801,	'01 - Bergen/Retten von Personen (schwer) ',	'Geräte der Teileinheit 1:30',	32028,	3,	13,	'2024-12-01 12:16:11'),
(3202802,	'02 - Bergen/Retten von Personen (schwer) ',	'Schaffen von Rettungsöffnungen mit der Bohr- und Aufbrechausstattung 4:00',	32028,	3,	13,	'2024-12-01 12:16:11'),
(3202901,	'01 - Bergen/Retten von Tieren/Sachwerten (manuell) ',	'Rettung von Tieren 1:00',	32029,	3,	13,	'2024-12-01 12:16:11'),
(3202902,	'02 - Bergen/Retten von Tieren/Sachwerten (manuell) ',	'Bergung von Sachwerten 1:00',	32029,	3,	13,	'2024-12-01 12:16:11'),
(3202903,	'test42',	'5',	1,	NULL,	1,	'2024-12-01 21:10:09'),
(3202904,	'test42',	'5',	1,	NULL,	1,	'2024-12-01 21:13:20'),
(3202905,	'test43',	'teststetgrgfdtrdfjnzwrsfdsgsrdf',	1,	NULL,	1,	'2024-12-01 22:46:53'),
(3202906,	'test43',	'teststetgrgfdtrdfjnzwrsfdsgsrdf',	1,	NULL,	1,	'2024-12-01 22:46:57'),
(3202907,	'test43',	'teststetgrgfdtrdfjnzwrsfdsgsrdf',	1,	NULL,	1,	'2024-12-01 22:48:31'),
(3202908,	'test43',	'teststetgrgfdtrdfjnzwrsfdsgsrdf',	1,	NULL,	1,	'2024-12-01 22:57:26'),
(3202909,	'test43',	'teststetgrgfdtrdfjnzwrsfdsgsrdf',	1,	NULL,	1,	'2024-12-01 22:58:54'),
(3202910,	'tertert',	'gfhsdfgadsfhdsssdfgsg',	1,	NULL,	1,	'2024-12-01 23:00:53'),
(3202911,	'tertert',	'gfhsdfgadsfhdsssdfgsg',	1,	NULL,	1,	'2024-12-01 23:00:56'),
(3202912,	'qwertzu',	'qwaesrdtfhghzjk',	1,	NULL,	1,	'2024-12-01 23:01:40'),
(3202913,	'Test1234',	'Test1234567789',	1,	NULL,	1,	'2024-12-01 23:09:46'),
(3202914,	'Test1234',	'Erste Tessst',	1,	NULL,	1,	'2024-12-01 23:30:33'),
(3202915,	'Test1234',	'Erster Test',	1,	NULL,	1,	'2024-12-01 23:33:35'),
(3202916,	'Test Training',	'Testsetsetrrgdkfjsdjvdjlsflkjs',	1510,	NULL,	1,	'2024-12-04 14:16:20'),
(3202917,	'Test Event',	'Training zum Eigenschutz',	1502,	NULL,	1,	'2024-12-06 11:06:55'),
(3202918,	'Test Event',	'Test Description ',	1,	NULL,	1,	'2024-12-06 20:39:40'),
(3202919,	'Test Event',	'Beischreibung',	1501,	NULL,	1,	'2024-12-07 09:07:55');

DROP TABLE IF EXISTS `training_sessions`;
CREATE TABLE `training_sessions` (
  `id` int(11) NOT NULL AUTO_INCREMENT,
  `training_id` int(11) DEFAULT NULL,
  `start_date` date DEFAULT NULL,
  `end_date` date DEFAULT NULL,
  `start_datetime` datetime DEFAULT NULL ON UPDATE current_timestamp(),
  `end_datetime` datetime DEFAULT NULL ON UPDATE current_timestamp(),
  `location` varchar(150) DEFAULT NULL,
  `max_participants` int(11) DEFAULT NULL,
  `min_participants` int(11) DEFAULT NULL,
  PRIMARY KEY (`id`),
  KEY `training_id` (`training_id`),
  CONSTRAINT `training_sessions_ibfk_1` FOREIGN KEY (`training_id`) REFERENCES `trainings` (`id`) ON DELETE CASCADE
) ENGINE=InnoDB DEFAULT CHARSET=utf8mb4 COLLATE=utf8mb4_unicode_ci;

INSERT INTO `training_sessions` (`id`, `training_id`, `start_date`, `end_date`, `start_datetime`, `end_datetime`, `location`, `max_participants`, `min_participants`) VALUES
(4,	3000101,	'2024-01-02',	'2024-01-02',	'2024-01-02 21:00:00',	'2024-01-02 22:00:00',	'Theodor-Körner-Straße 51, 71522 Backnang',	21,	3),
(5,	3000102,	'2024-01-03',	'2024-01-03',	'2024-01-03 21:00:00',	'2024-01-03 22:00:00',	'Theodor-Körner-Straße 51, 71522 Backnang',	21,	3),
(6,	3000103,	'2024-01-04',	'2024-01-04',	'2024-01-04 21:30:00',	'2024-01-04 22:00:00',	'Theodor-Körner-Straße 51, 71522 Backnang',	21,	3),
(7,	3000104,	'2024-01-05',	'2024-01-05',	'2024-01-05 21:15:00',	'2024-01-05 22:00:00',	'Theodor-Körner-Straße 51, 71522 Backnang',	21,	3),
(8,	3000105,	'2024-01-08',	'2024-01-08',	'2024-01-08 21:30:00',	'2024-01-08 22:00:00',	'Theodor-Körner-Straße 51, 71522 Backnang',	21,	3),
(9,	3000201,	'2024-01-09',	'2024-01-09',	'2024-01-09 21:30:00',	'2024-01-09 22:00:00',	'Theodor-Körner-Straße 51, 71522 Backnang',	21,	3),
(10,	3000202,	'2024-01-10',	'2024-01-10',	'2024-01-10 20:30:00',	'2024-01-10 22:00:00',	'Theodor-Körner-Straße 51, 71522 Backnang',	21,	3),
(11,	3000203,	'2024-01-11',	'2024-01-11',	'2024-01-11 20:00:00',	'2024-01-11 22:00:00',	'Theodor-Körner-Straße 51, 71522 Backnang',	21,	3),
(12,	3000204,	'2024-01-12',	'2024-01-12',	'2024-01-12 20:30:00',	'2024-01-12 22:00:00',	'Theodor-Körner-Straße 51, 71522 Backnang',	21,	3),
(13,	3000301,	'2024-01-15',	'2024-01-15',	'2024-01-15 21:15:00',	'2024-01-15 22:00:00',	'Theodor-Körner-Straße 51, 71522 Backnang',	21,	3),
(14,	3000401,	'2024-01-16',	'2024-01-16',	'2024-01-16 21:15:00',	'2024-01-16 22:00:00',	'Theodor-Körner-Straße 51, 71522 Backnang',	21,	3),
(15,	3000402,	'2024-01-17',	'2024-01-17',	'2024-01-17 21:15:00',	'2024-01-17 22:00:00',	'Theodor-Körner-Straße 51, 71522 Backnang',	21,	3),
(16,	3000501,	'2024-01-18',	'2024-01-18',	'2024-01-18 21:15:00',	'2024-01-18 22:00:00',	'Theodor-Körner-Straße 51, 71522 Backnang',	21,	3),
(17,	3000502,	'2024-01-19',	'2024-01-19',	'2024-01-19 20:30:00',	'2024-01-19 22:00:00',	'Theodor-Körner-Straße 51, 71522 Backnang',	21,	3),
(18,	3000503,	'2024-01-23',	'2024-01-23',	'2024-01-23 21:15:00',	'2024-01-23 22:00:00',	'Theodor-Körner-Straße 51, 71522 Backnang',	21,	3),
(19,	3000601,	'2024-01-24',	'2024-01-24',	'2024-01-24 21:30:00',	'2024-01-24 22:00:00',	'Theodor-Körner-Straße 51, 71522 Backnang',	21,	3),
(20,	3000602,	'2024-01-25',	'2024-01-25',	'2024-01-25 20:30:00',	'2024-01-25 22:00:00',	'Theodor-Körner-Straße 51, 71522 Backnang',	21,	3),
(21,	3000701,	'2024-01-26',	'2024-01-26',	'2024-01-26 21:15:00',	'2024-01-26 22:00:00',	'Theodor-Körner-Straße 51, 71522 Backnang',	21,	3),
(22,	3000702,	'2024-01-29',	'2024-01-29',	'2024-01-29 21:30:00',	'2024-01-29 22:00:00',	'Theodor-Körner-Straße 51, 71522 Backnang',	21,	3),
(23,	3000801,	'2024-01-30',	'2024-01-30',	'2024-01-30 21:15:00',	'2024-01-30 22:00:00',	'Theodor-Körner-Straße 51, 71522 Backnang',	21,	3),
(24,	3000901,	'2024-01-31',	'2024-01-31',	'2024-01-31 21:15:00',	'2024-01-31 22:00:00',	'Theodor-Körner-Straße 51, 71522 Backnang',	21,	3),
(25,	3000902,	'2024-02-01',	'2024-02-01',	'2024-02-01 20:00:00',	'2024-02-01 22:00:00',	'Theodor-Körner-Straße 51, 71522 Backnang',	21,	3),
(26,	3001001,	'2024-02-02',	'2024-02-02',	'2024-02-02 21:30:00',	'2024-02-02 22:00:00',	'Theodor-Körner-Straße 51, 71522 Backnang',	21,	3),
(27,	3001002,	'2024-02-05',	'2024-02-05',	'2024-02-05 21:30:00',	'2024-02-05 22:00:00',	'Theodor-Körner-Straße 51, 71522 Backnang',	21,	3),
(28,	3001003,	'2024-02-06',	'2024-02-06',	'2024-02-06 21:30:00',	'2024-02-06 22:00:00',	'Theodor-Körner-Straße 51, 71522 Backnang',	21,	3),
(29,	3001004,	'2024-02-07',	'2024-02-07',	'2024-02-07 21:15:00',	'2024-02-07 22:00:00',	'Theodor-Körner-Straße 51, 71522 Backnang',	21,	3),
(30,	3001005,	'2024-02-08',	'2024-02-08',	'2024-02-08 21:45:00',	'2024-02-08 22:00:00',	'Theodor-Körner-Straße 51, 71522 Backnang',	21,	3),
(31,	3001101,	'2024-02-09',	'2024-02-09',	'2024-02-09 21:30:00',	'2024-02-09 22:00:00',	'Theodor-Körner-Straße 51, 71522 Backnang',	21,	3),
(32,	3001102,	'2024-02-12',	'2024-02-12',	'2024-02-12 21:15:00',	'2024-02-12 22:00:00',	'Theodor-Körner-Straße 51, 71522 Backnang',	21,	3),
(33,	3001103,	'2024-02-14',	'2024-02-14',	'2024-02-14 21:30:00',	'2024-02-14 22:00:00',	'Theodor-Körner-Straße 51, 71522 Backnang',	21,	3),
(34,	3001201,	'2024-02-15',	'2024-02-15',	'2024-02-15 21:00:00',	'2024-02-15 22:00:00',	'Theodor-Körner-Straße 51, 71522 Backnang',	21,	3),
(35,	3001202,	'2024-02-16',	'2024-02-16',	'2024-02-16 20:00:00',	'2024-02-16 22:00:00',	'Theodor-Körner-Straße 51, 71522 Backnang',	21,	3),
(36,	3001203,	'2024-02-19',	'2024-02-19',	'2024-02-19 18:30:00',	'2024-02-19 22:00:00',	'Theodor-Körner-Straße 51, 71522 Backnang',	21,	3),
(37,	3001301,	'2024-02-20',	'2024-02-20',	'2024-02-20 21:00:00',	'2024-02-20 22:00:00',	'Theodor-Körner-Straße 51, 71522 Backnang',	21,	3),
(38,	3001302,	'2024-02-21',	'2024-02-21',	'2024-02-21 20:00:00',	'2024-02-21 22:00:00',	'Theodor-Körner-Straße 51, 71522 Backnang',	21,	3),
(39,	3001303,	'2024-02-22',	'2024-02-22',	'2024-02-22 17:00:00',	'2024-02-22 22:00:00',	'Theodor-Körner-Straße 51, 71522 Backnang',	21,	3),
(40,	3001401,	'2024-02-23',	'2024-02-23',	'2024-02-23 20:30:00',	'2024-02-23 22:00:00',	'Theodor-Körner-Straße 51, 71522 Backnang',	21,	3),
(41,	3001402,	'2024-02-26',	'2024-02-26',	'2024-02-26 19:00:00',	'2024-02-26 22:00:00',	'Theodor-Körner-Straße 51, 71522 Backnang',	21,	3),
(42,	3001403,	'2024-02-27',	'2024-02-27',	'2024-02-27 13:00:00',	'2024-02-27 22:00:00',	'Theodor-Körner-Straße 51, 71522 Backnang',	21,	3),
(43,	3001501,	'2024-02-28',	'2024-02-28',	'2024-02-28 20:30:00',	'2024-02-28 22:00:00',	'Theodor-Körner-Straße 51, 71522 Backnang',	21,	3),
(44,	3001502,	'2024-02-29',	'2024-02-29',	'2024-02-29 20:00:00',	'2024-02-29 22:00:00',	'Theodor-Körner-Straße 51, 71522 Backnang',	21,	3),
(45,	3001601,	'2024-03-01',	'2024-03-01',	'2024-03-01 21:00:00',	'2024-03-01 22:00:00',	'Theodor-Körner-Straße 51, 71522 Backnang',	21,	3),
(46,	3001602,	'2024-03-04',	'2024-03-04',	'2024-03-04 20:30:00',	'2024-03-04 22:00:00',	'Theodor-Körner-Straße 51, 71522 Backnang',	21,	3),
(47,	3001701,	'2024-03-06',	'2024-03-06',	'2024-03-06 20:00:00',	'2024-03-06 22:00:00',	'Theodor-Körner-Straße 51, 71522 Backnang',	21,	3),
(48,	3001702,	'2024-03-07',	'2024-03-07',	'2024-03-07 17:00:00',	'2024-03-07 22:00:00',	'Theodor-Körner-Straße 51, 71522 Backnang',	21,	3),
(49,	3001703,	'2024-03-08',	'2024-03-08',	'2024-03-08 21:30:00',	'2024-03-08 22:00:00',	'Theodor-Körner-Straße 51, 71522 Backnang',	21,	3),
(50,	3001801,	'2024-03-11',	'2024-03-11',	'2024-03-11 21:00:00',	'2024-03-11 22:00:00',	'Theodor-Körner-Straße 51, 71522 Backnang',	21,	3),
(51,	3001802,	'2024-03-12',	'2024-03-12',	'2024-03-12 18:00:00',	'2024-03-12 22:00:00',	'Theodor-Körner-Straße 51, 71522 Backnang',	21,	3),
(52,	3001901,	'2024-03-13',	'2024-03-13',	'2024-03-13 18:00:00',	'2024-03-13 22:00:00',	'Theodor-Körner-Straße 51, 71522 Backnang',	21,	3),
(53,	3002001,	'2024-03-14',	'2024-03-14',	'2024-03-14 20:00:00',	'2024-03-14 22:00:00',	'Theodor-Körner-Straße 51, 71522 Backnang',	21,	3),
(54,	3002101,	'2024-03-15',	'2024-03-15',	'2024-03-15 21:30:00',	'2024-03-15 22:00:00',	'Theodor-Körner-Straße 51, 71522 Backnang',	21,	3),
(55,	3002102,	'2024-03-18',	'2024-03-18',	'2024-03-18 21:30:00',	'2024-03-18 22:00:00',	'Theodor-Körner-Straße 51, 71522 Backnang',	21,	3),
(56,	3002201,	'2024-03-19',	'2024-03-19',	'2024-03-19 20:00:00',	'2024-03-19 22:00:00',	'Theodor-Körner-Straße 51, 71522 Backnang',	21,	3),
(57,	3002202,	'2024-03-20',	'2024-03-20',	'2024-03-20 19:00:00',	'2024-03-20 22:00:00',	'Theodor-Körner-Straße 51, 71522 Backnang',	21,	3),
(58,	3002301,	'2024-03-21',	'2024-03-21',	'2024-03-21 21:00:00',	'2024-03-21 22:00:00',	'Theodor-Körner-Straße 51, 71522 Backnang',	21,	3),
(59,	3002302,	'2024-03-22',	'2024-03-22',	'2024-03-22 21:00:00',	'2024-03-22 22:00:00',	'Theodor-Körner-Straße 51, 71522 Backnang',	21,	3),
(60,	3002401,	'2024-03-25',	'2024-03-25',	'2024-03-25 21:15:00',	'2024-03-25 22:00:00',	'Theodor-Körner-Straße 51, 71522 Backnang',	21,	3),
(61,	3002402,	'2024-03-26',	'2024-03-26',	'2024-03-26 21:15:00',	'2024-03-26 22:00:00',	'Theodor-Körner-Straße 51, 71522 Backnang',	21,	3),
(62,	3002403,	'2024-03-28',	'2024-03-28',	'2024-03-28 20:00:00',	'2024-03-28 22:00:00',	'Theodor-Körner-Straße 51, 71522 Backnang',	21,	3),
(63,	3002404,	'2024-03-29',	'2024-03-29',	'2024-03-29 18:30:00',	'2024-03-29 22:00:00',	'Theodor-Körner-Straße 51, 71522 Backnang',	21,	3),
(64,	3002405,	'2024-04-01',	'2024-04-01',	'2024-04-01 18:30:00',	'2024-04-01 22:00:00',	'Theodor-Körner-Straße 51, 71522 Backnang',	21,	3),
(65,	3002406,	'2024-04-02',	'2024-04-02',	'2024-04-02 19:30:00',	'2024-04-02 22:00:00',	'Theodor-Körner-Straße 51, 71522 Backnang',	21,	3),
(66,	3002407,	'2024-04-03',	'2024-04-03',	'2024-04-03 19:30:00',	'2024-04-03 22:00:00',	'Theodor-Körner-Straße 51, 71522 Backnang',	21,	3),
(67,	3002408,	'2024-04-04',	'2024-04-04',	'2024-04-04 20:00:00',	'2024-04-04 22:00:00',	'Theodor-Körner-Straße 51, 71522 Backnang',	21,	3),
(68,	3002409,	'2024-04-05',	'2024-04-05',	'2024-04-05 20:00:00',	'2024-04-05 22:00:00',	'Theodor-Körner-Straße 51, 71522 Backnang',	21,	3),
(69,	3002501,	'2024-04-08',	'2024-04-08',	'2024-04-08 21:00:00',	'2024-04-08 22:00:00',	'Theodor-Körner-Straße 51, 71522 Backnang',	21,	3),
(70,	3002502,	'2024-04-09',	'2024-04-09',	'2024-04-09 21:00:00',	'2024-04-09 22:00:00',	'Theodor-Körner-Straße 51, 71522 Backnang',	21,	3),
(71,	3002503,	'2024-04-10',	'2024-04-10',	'2024-04-10 18:00:00',	'2024-04-10 22:00:00',	'Theodor-Körner-Straße 51, 71522 Backnang',	21,	3),
(72,	3002504,	'2024-04-11',	'2024-04-11',	'2024-04-11 18:00:00',	'2024-04-11 22:00:00',	'Theodor-Körner-Straße 51, 71522 Backnang',	21,	3),
(73,	3002505,	'2024-04-12',	'2024-04-12',	'2024-04-12 19:00:00',	'2024-04-12 22:00:00',	'Theodor-Körner-Straße 51, 71522 Backnang',	21,	3),
(74,	3002506,	'2024-04-15',	'2024-04-15',	'2024-04-15 17:00:00',	'2024-04-15 22:00:00',	'Theodor-Körner-Straße 51, 71522 Backnang',	21,	3),
(75,	3002601,	'2024-04-16',	'2024-04-16',	'2024-04-16 20:30:00',	'2024-04-16 22:00:00',	'Theodor-Körner-Straße 51, 71522 Backnang',	21,	3),
(76,	3002602,	'2024-04-17',	'2024-04-17',	'2024-04-17 20:30:00',	'2024-04-17 22:00:00',	'Theodor-Körner-Straße 51, 71522 Backnang',	21,	3),
(77,	3002603,	'2024-04-19',	'2024-04-19',	'2024-04-19 15:30:00',	'2024-04-19 22:00:00',	'Theodor-Körner-Straße 51, 71522 Backnang',	21,	3),
(78,	3002604,	'2024-04-22',	'2024-04-22',	'2024-04-22 14:00:00',	'2024-04-22 22:00:00',	'Theodor-Körner-Straße 51, 71522 Backnang',	21,	3),
(79,	3002605,	'2024-04-23',	'2024-04-23',	'2024-04-23 19:00:00',	'2024-04-23 22:00:00',	'Theodor-Körner-Straße 51, 71522 Backnang',	21,	3),
(80,	3002701,	'2024-04-24',	'2024-04-24',	'2024-04-24 21:00:00',	'2024-04-24 22:00:00',	'Theodor-Körner-Straße 51, 71522 Backnang',	21,	3),
(81,	3002702,	'2024-04-25',	'2024-04-25',	'2024-04-25 21:00:00',	'2024-04-25 22:00:00',	'Theodor-Körner-Straße 51, 71522 Backnang',	21,	3),
(82,	3200101,	'2024-01-02',	'2024-01-02',	'2024-01-02 21:00:00',	'2024-01-02 22:00:00',	'Theodor-Körner-Straße 51, 71522 Backnang',	21,	3),
(83,	3200102,	'2024-01-03',	'2024-01-03',	'2024-01-03 21:00:00',	'2024-01-03 22:00:00',	'Theodor-Körner-Straße 51, 71522 Backnang',	21,	3),
(84,	3200103,	'2024-01-04',	'2024-01-04',	'2024-01-04 21:00:00',	'2024-01-04 22:00:00',	'Theodor-Körner-Straße 51, 71522 Backnang',	21,	3),
(85,	3200104,	'2024-01-05',	'2024-01-05',	'2024-01-05 21:15:00',	'2024-01-05 22:00:00',	'Theodor-Körner-Straße 51, 71522 Backnang',	21,	3),
(86,	3200105,	'2024-01-08',	'2024-01-08',	'2024-01-08 21:30:00',	'2024-01-08 22:00:00',	'Theodor-Körner-Straße 51, 71522 Backnang',	21,	3),
(87,	3200201,	'2024-01-09',	'2024-01-09',	'2024-01-09 21:30:00',	'2024-01-09 22:00:00',	'Theodor-Körner-Straße 51, 71522 Backnang',	21,	3),
(88,	3200202,	'2024-01-10',	'2024-01-10',	'2024-01-10 21:00:00',	'2024-01-10 22:00:00',	'Theodor-Körner-Straße 51, 71522 Backnang',	21,	3),
(89,	3200203,	'2024-01-11',	'2024-01-11',	'2024-01-11 19:15:00',	'2024-01-11 22:00:00',	'Theodor-Körner-Straße 51, 71522 Backnang',	21,	3),
(90,	3200204,	'2024-01-12',	'2024-01-12',	'2024-01-12 21:00:00',	'2024-01-12 22:00:00',	'Theodor-Körner-Straße 51, 71522 Backnang',	21,	3),
(91,	3200301,	'2024-01-15',	'2024-01-15',	'2024-01-15 21:15:00',	'2024-01-15 22:00:00',	'Theodor-Körner-Straße 51, 71522 Backnang',	21,	3),
(92,	3200401,	'2024-01-16',	'2024-01-16',	'2024-01-16 21:15:00',	'2024-01-16 22:00:00',	'Theodor-Körner-Straße 51, 71522 Backnang',	21,	3),
(93,	3200402,	'2024-01-17',	'2024-01-17',	'2024-01-17 21:30:00',	'2024-01-17 22:00:00',	'Theodor-Körner-Straße 51, 71522 Backnang',	21,	3),
(94,	3200501,	'2024-01-19',	'2024-01-19',	'2024-01-19 21:00:00',	'2024-01-19 22:00:00',	'Theodor-Körner-Straße 51, 71522 Backnang',	21,	3),
(95,	3200502,	'2024-01-22',	'2024-01-22',	'2024-01-22 20:00:00',	'2024-01-22 22:00:00',	'Theodor-Körner-Straße 51, 71522 Backnang',	21,	3),
(96,	3200503,	'2024-01-23',	'2024-01-23',	'2024-01-23 20:00:00',	'2024-01-23 22:00:00',	'Theodor-Körner-Straße 51, 71522 Backnang',	21,	3),
(97,	3200601,	'2024-01-24',	'2024-01-24',	'2024-01-24 21:45:00',	'2024-01-24 22:00:00',	'Theodor-Körner-Straße 51, 71522 Backnang',	21,	3),
(98,	3200602,	'2024-01-25',	'2024-01-25',	'2024-01-25 21:00:00',	'2024-01-25 22:00:00',	'Theodor-Körner-Straße 51, 71522 Backnang',	21,	3),
(99,	3200701,	'2024-01-26',	'2024-01-26',	'2024-01-26 21:45:00',	'2024-01-26 22:00:00',	'Theodor-Körner-Straße 51, 71522 Backnang',	21,	3),
(100,	3200702,	'2024-01-29',	'2024-01-29',	'2024-01-29 21:45:00',	'2024-01-29 22:00:00',	'Theodor-Körner-Straße 51, 71522 Backnang',	21,	3),
(101,	3200703,	'2024-01-30',	'2024-01-30',	'2024-01-30 21:45:00',	'2024-01-30 22:00:00',	'Theodor-Körner-Straße 51, 71522 Backnang',	21,	3),
(102,	3200704,	'2024-01-31',	'2024-01-31',	'2024-01-31 21:15:00',	'2024-01-31 22:00:00',	'Theodor-Körner-Straße 51, 71522 Backnang',	21,	3),
(103,	3200801,	'2024-02-01',	'2024-02-01',	'2024-02-01 21:30:00',	'2024-02-01 22:00:00',	'Theodor-Körner-Straße 51, 71522 Backnang',	21,	3),
(104,	3200901,	'2024-02-02',	'2024-02-02',	'2024-02-02 21:15:00',	'2024-02-02 22:00:00',	'Theodor-Körner-Straße 51, 71522 Backnang',	21,	3),
(105,	3200902,	'2024-02-05',	'2024-02-05',	'2024-02-05 21:30:00',	'2024-02-05 22:00:00',	'Theodor-Körner-Straße 51, 71522 Backnang',	21,	3),
(106,	3201001,	'2024-02-07',	'2024-02-07',	'2024-02-07 21:15:00',	'2024-02-07 22:00:00',	'Theodor-Körner-Straße 51, 71522 Backnang',	21,	3),
(107,	3201101,	'2024-02-08',	'2024-02-08',	'2024-02-08 21:15:00',	'2024-02-08 22:00:00',	'Theodor-Körner-Straße 51, 71522 Backnang',	21,	3),
(108,	3201102,	'2024-02-09',	'2024-02-09',	'2024-02-09 20:00:00',	'2024-02-09 22:00:00',	'Theodor-Körner-Straße 51, 71522 Backnang',	21,	3),
(109,	3201201,	'2024-02-12',	'2024-02-12',	'2024-02-12 21:30:00',	'2024-02-12 22:00:00',	'Theodor-Körner-Straße 51, 71522 Backnang',	21,	3),
(110,	3201202,	'2024-02-13',	'2024-02-13',	'2024-02-13 21:30:00',	'2024-02-13 22:00:00',	'Theodor-Körner-Straße 51, 71522 Backnang',	21,	3),
(111,	3201203,	'2024-02-14',	'2024-02-14',	'2024-02-14 21:30:00',	'2024-02-14 22:00:00',	'Theodor-Körner-Straße 51, 71522 Backnang',	21,	3),
(112,	3201204,	'2024-02-15',	'2024-02-15',	'2024-02-15 21:15:00',	'2024-02-15 22:00:00',	'Theodor-Körner-Straße 51, 71522 Backnang',	21,	3),
(113,	3201205,	'2024-02-16',	'2024-02-16',	'2024-02-16 21:45:00',	'2024-02-16 22:00:00',	'Theodor-Körner-Straße 51, 71522 Backnang',	21,	3),
(114,	3201301,	'2024-02-19',	'2024-02-19',	'2024-02-19 21:30:00',	'2024-02-19 22:00:00',	'Theodor-Körner-Straße 51, 71522 Backnang',	21,	3),
(115,	3201302,	'2024-02-20',	'2024-02-20',	'2024-02-20 21:15:00',	'2024-02-20 22:00:00',	'Theodor-Körner-Straße 51, 71522 Backnang',	21,	3),
(116,	3201303,	'2024-02-21',	'2024-02-21',	'2024-02-21 21:30:00',	'2024-02-21 22:00:00',	'Theodor-Körner-Straße 51, 71522 Backnang',	21,	3),
(117,	3201401,	'2024-02-22',	'2024-02-22',	'2024-02-22 21:00:00',	'2024-02-22 22:00:00',	'Theodor-Körner-Straße 51, 71522 Backnang',	21,	3),
(118,	3201402,	'2024-02-26',	'2024-02-26',	'2024-02-26 20:15:00',	'2024-02-26 22:00:00',	'Theodor-Körner-Straße 51, 71522 Backnang',	21,	3),
(119,	3201501,	'2024-02-27',	'2024-02-27',	'2024-02-27 21:00:00',	'2024-02-27 22:00:00',	'Theodor-Körner-Straße 51, 71522 Backnang',	21,	3),
(120,	3201502,	'2024-02-28',	'2024-02-28',	'2024-02-28 20:00:00',	'2024-02-28 22:00:00',	'Theodor-Körner-Straße 51, 71522 Backnang',	21,	3),
(121,	3201503,	'2024-02-29',	'2024-02-29',	'2024-02-29 17:00:00',	'2024-02-29 22:00:00',	'Theodor-Körner-Straße 51, 71522 Backnang',	21,	3),
(122,	3201601,	'2024-03-01',	'2024-03-01',	'2024-03-01 20:30:00',	'2024-03-01 22:00:00',	'Theodor-Körner-Straße 51, 71522 Backnang',	21,	3),
(123,	3201602,	'2024-03-04',	'2024-03-04',	'2024-03-04 20:00:00',	'2024-03-04 22:00:00',	'Theodor-Körner-Straße 51, 71522 Backnang',	21,	3),
(124,	3201701,	'2024-03-05',	'2024-03-05',	'2024-03-05 21:00:00',	'2024-03-05 22:00:00',	'Theodor-Körner-Straße 51, 71522 Backnang',	21,	3),
(125,	3201702,	'2024-03-06',	'2024-03-06',	'2024-03-06 20:30:00',	'2024-03-06 22:00:00',	'Theodor-Körner-Straße 51, 71522 Backnang',	21,	3),
(126,	3201801,	'2024-03-07',	'2024-03-07',	'2024-03-07 20:00:00',	'2024-03-07 22:00:00',	'Theodor-Körner-Straße 51, 71522 Backnang',	21,	3),
(127,	3201802,	'2024-03-08',	'2024-03-08',	'2024-03-08 17:00:00',	'2024-03-08 22:00:00',	'Theodor-Körner-Straße 51, 71522 Backnang',	21,	3),
(128,	3201803,	'2024-03-11',	'2024-03-11',	'2024-03-11 21:30:00',	'2024-03-11 22:00:00',	'Theodor-Körner-Straße 51, 71522 Backnang',	21,	3),
(129,	3201901,	'2024-03-12',	'2024-03-12',	'2024-03-12 21:00:00',	'2024-03-12 22:00:00',	'Theodor-Körner-Straße 51, 71522 Backnang',	21,	3),
(130,	3201902,	'2024-03-14',	'2024-03-14',	'2024-03-14 19:00:00',	'2024-03-14 22:00:00',	'Theodor-Körner-Straße 51, 71522 Backnang',	21,	3),
(131,	3202001,	'2024-03-15',	'2024-03-15',	'2024-03-15 18:00:00',	'2024-03-15 22:00:00',	'Theodor-Körner-Straße 51, 71522 Backnang',	21,	3),
(132,	3202101,	'2024-03-18',	'2024-03-18',	'2024-03-18 19:00:00',	'2024-03-18 22:00:00',	'Theodor-Körner-Straße 51, 71522 Backnang',	21,	3),
(133,	3202201,	'2024-03-19',	'2024-03-19',	'2024-03-19 21:00:00',	'2024-03-19 22:00:00',	'Theodor-Körner-Straße 51, 71522 Backnang',	21,	3),
(134,	3202202,	'2024-03-20',	'2024-03-20',	'2024-03-20 21:00:00',	'2024-03-20 22:00:00',	'Theodor-Körner-Straße 51, 71522 Backnang',	21,	3),
(135,	3202301,	'2024-03-21',	'2024-03-21',	'2024-03-21 21:15:00',	'2024-03-21 22:00:00',	'Theodor-Körner-Straße 51, 71522 Backnang',	21,	3),
(136,	3202302,	'2024-03-22',	'2024-03-22',	'2024-03-22 21:15:00',	'2024-03-22 22:00:00',	'Theodor-Körner-Straße 51, 71522 Backnang',	21,	3),
(137,	3202401,	'2024-03-25',	'2024-03-25',	'2024-03-25 20:00:00',	'2024-03-25 22:00:00',	'Theodor-Körner-Straße 51, 71522 Backnang',	21,	3),
(138,	3202402,	'2024-03-26',	'2024-03-26',	'2024-03-26 19:00:00',	'2024-03-26 22:00:00',	'Theodor-Körner-Straße 51, 71522 Backnang',	21,	3),
(139,	3202501,	'2024-03-27',	'2024-03-27',	'2024-03-27 21:00:00',	'2024-03-27 22:00:00',	'Theodor-Körner-Straße 51, 71522 Backnang',	21,	3),
(140,	3202502,	'2024-03-28',	'2024-03-28',	'2024-03-28 21:00:00',	'2024-03-28 22:00:00',	'Theodor-Körner-Straße 51, 71522 Backnang',	21,	3),
(141,	3202601,	'2024-03-29',	'2024-03-29',	'2024-03-29 21:15:00',	'2024-03-29 22:00:00',	'Theodor-Körner-Straße 51, 71522 Backnang',	21,	3),
(142,	3202602,	'2024-04-02',	'2024-04-02',	'2024-04-02 21:15:00',	'2024-04-02 22:00:00',	'Theodor-Körner-Straße 51, 71522 Backnang',	21,	3),
(143,	3202603,	'2024-04-03',	'2024-04-03',	'2024-04-03 20:00:00',	'2024-04-03 22:00:00',	'Theodor-Körner-Straße 51, 71522 Backnang',	21,	3),
(144,	3202604,	'2024-04-04',	'2024-04-04',	'2024-04-04 18:30:00',	'2024-04-04 22:00:00',	'Theodor-Körner-Straße 51, 71522 Backnang',	21,	3),
(145,	3202605,	'2024-04-05',	'2024-04-05',	'2024-04-05 18:30:00',	'2024-04-05 22:00:00',	'Theodor-Körner-Straße 51, 71522 Backnang',	21,	3),
(146,	3202606,	'2024-04-08',	'2024-04-08',	'2024-04-08 19:30:00',	'2024-04-08 22:00:00',	'Theodor-Körner-Straße 51, 71522 Backnang',	21,	3),
(147,	3202607,	'2024-04-09',	'2024-04-09',	'2024-04-09 19:30:00',	'2024-04-09 22:00:00',	'Theodor-Körner-Straße 51, 71522 Backnang',	21,	3),
(148,	3202608,	'2024-04-10',	'2024-04-10',	'2024-04-10 20:00:00',	'2024-04-10 22:00:00',	'Theodor-Körner-Straße 51, 71522 Backnang',	21,	3),
(149,	3202609,	'2024-04-11',	'2024-04-11',	'2024-04-11 20:00:00',	'2024-04-11 22:00:00',	'Theodor-Körner-Straße 51, 71522 Backnang',	21,	3),
(150,	3202701,	'2024-04-12',	'2024-04-12',	'2024-04-12 20:30:00',	'2024-04-12 22:00:00',	'Theodor-Körner-Straße 51, 71522 Backnang',	21,	3),
(151,	3202702,	'2024-04-15',	'2024-04-15',	'2024-04-15 20:30:00',	'2024-04-15 22:00:00',	'Theodor-Körner-Straße 51, 71522 Backnang',	21,	3),
(152,	3202703,	'2024-04-16',	'2024-04-16',	'2024-04-16 15:30:00',	'2024-04-16 22:00:00',	'Theodor-Körner-Straße 51, 71522 Backnang',	21,	3),
(153,	3202704,	'2024-04-17',	'2024-04-17',	'2024-04-17 14:00:00',	'2024-04-17 22:00:00',	'Theodor-Körner-Straße 51, 71522 Backnang',	21,	3),
(154,	3202705,	'2024-04-19',	'2024-04-19',	'2024-04-19 19:00:00',	'2024-04-19 22:00:00',	'Theodor-Körner-Straße 51, 71522 Backnang',	21,	3),
(155,	3202801,	'2024-04-22',	'2024-04-22',	'2024-04-22 20:30:00',	'2024-04-22 22:00:00',	'Theodor-Körner-Straße 51, 71522 Backnang',	21,	3),
(156,	3202802,	'2024-04-23',	'2024-04-23',	'2024-04-23 18:00:00',	'2024-04-23 22:00:00',	'Theodor-Körner-Straße 51, 71522 Backnang',	21,	3),
(157,	3202901,	'2024-04-24',	'2024-04-24',	'2024-04-24 21:00:00',	'2024-04-24 22:00:00',	'Theodor-Körner-Straße 51, 71522 Backnang',	21,	3),
(158,	3202902,	'2024-04-25',	'2024-04-25',	'2024-04-25 21:00:00',	'2024-04-25 22:00:00',	'Theodor-Körner-Straße 51, 71522 Backnang',	21,	3),
(159,	330101,	'2024-01-04',	'2024-01-04',	'2024-01-04 21:00:00',	'2024-01-04 22:00:00',	'Theodor-Körner-Straße 51, 71522 Backnang',	21,	3),
(160,	330102,	'2024-01-09',	'2024-01-09',	'2024-01-09 21:00:00',	'2024-01-09 22:00:00',	'Theodor-Körner-Straße 51, 71522 Backnang',	21,	3),
(161,	330103,	'2024-01-15',	'2024-01-15',	'2024-01-15 21:15:00',	'2024-01-15 22:00:00',	'Theodor-Körner-Straße 51, 71522 Backnang',	21,	3),
(162,	330104,	'2024-01-18',	'2024-01-18',	'2024-01-18 21:15:00',	'2024-01-18 22:00:00',	'Theodor-Körner-Straße 51, 71522 Backnang',	21,	3),
(163,	330105,	'2024-01-23',	'2024-01-23',	'2024-01-23 21:30:00',	'2024-01-23 22:00:00',	'Theodor-Körner-Straße 51, 71522 Backnang',	21,	3),
(164,	330201,	'2024-01-29',	'2024-01-29',	'2024-01-29 21:00:00',	'2024-01-29 22:00:00',	'Theodor-Körner-Straße 51, 71522 Backnang',	21,	3),
(165,	330202,	'2024-02-01',	'2024-02-01',	'2024-02-01 21:00:00',	'2024-02-01 22:00:00',	'Theodor-Körner-Straße 51, 71522 Backnang',	21,	3),
(166,	330203,	'2024-02-06',	'2024-02-06',	'2024-02-06 21:00:00',	'2024-02-06 22:00:00',	'Theodor-Körner-Straße 51, 71522 Backnang',	21,	3),
(167,	330204,	'2024-02-12',	'2024-02-12',	'2024-02-12 21:00:00',	'2024-02-12 22:00:00',	'Theodor-Körner-Straße 51, 71522 Backnang',	21,	3),
(168,	330301,	'2024-02-15',	'2024-02-15',	'2024-02-15 20:30:00',	'2024-02-15 22:00:00',	'Theodor-Körner-Straße 51, 71522 Backnang',	21,	3),
(169,	330302,	'2024-02-20',	'2024-02-20',	'2024-02-20 21:30:00',	'2024-02-20 22:00:00',	'Theodor-Körner-Straße 51, 71522 Backnang',	21,	3),
(170,	330401,	'2024-02-26',	'2024-02-26',	'2024-02-26 21:15:00',	'2024-02-26 22:00:00',	'Theodor-Körner-Straße 51, 71522 Backnang',	21,	3),
(171,	330402,	'2024-02-29',	'2024-02-29',	'2024-02-29 21:15:00',	'2024-02-29 22:00:00',	'Theodor-Körner-Straße 51, 71522 Backnang',	21,	3),
(172,	330501,	'2024-03-05',	'2024-03-05',	'2024-03-05 21:00:00',	'2024-03-05 22:00:00',	'Theodor-Körner-Straße 51, 71522 Backnang',	21,	3),
(173,	330502,	'2024-03-11',	'2024-03-11',	'2024-03-11 20:00:00',	'2024-03-11 22:00:00',	'Theodor-Körner-Straße 51, 71522 Backnang',	21,	3),
(174,	330503,	'2024-03-14',	'2024-03-14',	'2024-03-14 21:00:00',	'2024-03-14 22:00:00',	'Theodor-Körner-Straße 51, 71522 Backnang',	21,	3),
(175,	330601,	'2024-03-19',	'2024-03-19',	'2024-03-19 20:30:00',	'2024-03-19 22:00:00',	'Theodor-Körner-Straße 51, 71522 Backnang',	21,	3),
(176,	330602,	'2024-03-25',	'2024-03-25',	'2024-03-25 19:30:00',	'2024-03-25 22:00:00',	'Theodor-Körner-Straße 51, 71522 Backnang',	21,	3),
(177,	330603,	'2024-03-28',	'2024-03-28',	'2024-03-28 21:00:00',	'2024-03-28 22:00:00',	'Theodor-Körner-Straße 51, 71522 Backnang',	21,	3),
(178,	330701,	'2024-04-02',	'2024-04-02',	'2024-04-02 21:30:00',	'2024-04-02 22:00:00',	'Theodor-Körner-Straße 51, 71522 Backnang',	21,	3),
(179,	330801,	'2024-04-08',	'2024-04-08',	'2024-04-08 21:30:00',	'2024-04-08 22:00:00',	'Theodor-Körner-Straße 51, 71522 Backnang',	21,	3),
(180,	330802,	'2024-04-11',	'2024-04-11',	'2024-04-11 21:30:00',	'2024-04-11 22:00:00',	'Theodor-Körner-Straße 51, 71522 Backnang',	21,	3),
(181,	330803,	'2024-04-16',	'2024-04-16',	'2024-04-16 21:30:00',	'2024-04-16 22:00:00',	'Theodor-Körner-Straße 51, 71522 Backnang',	21,	3),
(182,	330804,	'2024-04-22',	'2024-04-22',	'2024-04-22 21:00:00',	'2024-04-22 22:00:00',	'Theodor-Körner-Straße 51, 71522 Backnang',	21,	3),
(183,	330901,	'2024-04-25',	'2024-04-25',	'2024-04-25 21:30:00',	'2024-04-25 22:00:00',	'Theodor-Körner-Straße 51, 71522 Backnang',	21,	3),
(184,	331001,	'2024-01-03',	'2024-01-03',	'2024-01-03 21:30:00',	'2024-01-03 22:00:00',	'Theodor-Körner-Straße 51, 71522 Backnang',	21,	3),
(185,	331002,	'2024-01-08',	'2024-01-08',	'2024-01-08 21:30:00',	'2024-01-08 22:00:00',	'Theodor-Körner-Straße 51, 71522 Backnang',	21,	3),
(186,	331003,	'2024-01-11',	'2024-01-11',	'2024-01-11 21:30:00',	'2024-01-11 22:00:00',	'Theodor-Körner-Straße 51, 71522 Backnang',	21,	3),
(187,	331004,	'2024-01-15',	'2024-01-15',	'2024-01-15 21:30:00',	'2024-01-15 22:00:00',	'Theodor-Körner-Straße 51, 71522 Backnang',	21,	3),
(188,	331101,	'2024-01-18',	'2024-01-18',	'2024-01-18 21:45:00',	'2024-01-18 22:00:00',	'Theodor-Körner-Straße 51, 71522 Backnang',	21,	3),
(189,	331102,	'2024-01-23',	'2024-01-23',	'2024-01-23 21:00:00',	'2024-01-23 22:00:00',	'Theodor-Körner-Straße 51, 71522 Backnang',	21,	3),
(190,	331103,	'2024-01-25',	'2024-01-25',	'2024-01-25 20:30:00',	'2024-01-25 22:00:00',	'Theodor-Körner-Straße 51, 71522 Backnang',	21,	3),
(191,	331104,	'2024-01-30',	'2024-01-30',	'2024-01-30 20:30:00',	'2024-01-30 22:00:00',	'Theodor-Körner-Straße 51, 71522 Backnang',	21,	3),
(192,	331201,	'2024-02-02',	'2024-02-02',	'2024-02-02 21:30:00',	'2024-02-02 22:00:00',	'Theodor-Körner-Straße 51, 71522 Backnang',	21,	3),
(193,	331202,	'2024-02-06',	'2024-02-06',	'2024-02-06 20:30:00',	'2024-02-06 22:00:00',	'Theodor-Körner-Straße 51, 71522 Backnang',	21,	3),
(194,	331301,	'2024-02-09',	'2024-02-09',	'2024-02-09 20:30:00',	'2024-02-09 22:00:00',	'Theodor-Körner-Straße 51, 71522 Backnang',	21,	3),
(195,	331302,	'2024-02-14',	'2024-02-14',	'2024-02-14 20:00:00',	'2024-02-14 22:00:00',	'Theodor-Körner-Straße 51, 71522 Backnang',	21,	3),
(196,	331303,	'2024-02-16',	'2024-02-16',	'2024-02-16 21:15:00',	'2024-02-16 22:00:00',	'Theodor-Körner-Straße 51, 71522 Backnang',	21,	3),
(197,	331401,	'2024-02-21',	'2024-02-21',	'2024-02-21 21:30:00',	'2024-02-21 22:00:00',	'Theodor-Körner-Straße 51, 71522 Backnang',	21,	3),
(198,	331402,	'2024-02-26',	'2024-02-26',	'2024-02-26 21:30:00',	'2024-02-26 22:00:00',	'Theodor-Körner-Straße 51, 71522 Backnang',	21,	3),
(199,	331501,	'2024-02-29',	'2024-02-29',	'2024-02-29 21:00:00',	'2024-02-29 22:00:00',	'Theodor-Körner-Straße 51, 71522 Backnang',	21,	3),
(200,	331601,	'2024-03-04',	'2024-03-04',	'2024-03-04 21:15:00',	'2024-03-04 22:00:00',	'Theodor-Körner-Straße 51, 71522 Backnang',	21,	3),
(201,	331602,	'2024-03-07',	'2024-03-07',	'2024-03-07 20:00:00',	'2024-03-07 22:00:00',	'Theodor-Körner-Straße 51, 71522 Backnang',	21,	3),
(202,	331701,	'2024-03-12',	'2024-03-12',	'2024-03-12 21:30:00',	'2024-03-12 22:00:00',	'Theodor-Körner-Straße 51, 71522 Backnang',	21,	3),
(203,	331702,	'2024-03-14',	'2024-03-14',	'2024-03-14 21:30:00',	'2024-03-14 22:00:00',	'Theodor-Körner-Straße 51, 71522 Backnang',	21,	3),
(204,	331703,	'2024-03-19',	'2024-03-19',	'2024-03-19 21:30:00',	'2024-03-19 22:00:00',	'Theodor-Körner-Straße 51, 71522 Backnang',	21,	3),
(205,	331704,	'2024-03-22',	'2024-03-22',	'2024-03-22 21:15:00',	'2024-03-22 22:00:00',	'Theodor-Körner-Straße 51, 71522 Backnang',	21,	3),
(206,	331705,	'2024-03-26',	'2024-03-26',	'2024-03-26 21:45:00',	'2024-03-26 22:00:00',	'Theodor-Körner-Straße 51, 71522 Backnang',	21,	3),
(207,	331801,	'2024-03-29',	'2024-03-29',	'2024-03-29 20:00:00',	'2024-03-29 22:00:00',	'Theodor-Körner-Straße 51, 71522 Backnang',	21,	3),
(208,	331802,	'2024-04-03',	'2024-04-03',	'2024-04-03 19:00:00',	'2024-04-03 22:00:00',	'Theodor-Körner-Straße 51, 71522 Backnang',	21,	3),
(209,	331803,	'2024-04-05',	'2024-04-05',	'2024-04-05 21:00:00',	'2024-04-05 22:00:00',	'Theodor-Körner-Straße 51, 71522 Backnang',	21,	3),
(210,	331804,	'2024-04-10',	'2024-04-10',	'2024-04-10 19:00:00',	'2024-04-10 22:00:00',	'Theodor-Körner-Straße 51, 71522 Backnang',	21,	3),
(211,	331805,	'2024-04-15',	'2024-04-15',	'2024-04-15 21:30:00',	'2024-04-15 22:00:00',	'Theodor-Körner-Straße 51, 71522 Backnang',	21,	3),
(212,	331901,	'2024-04-17',	'2024-04-17',	'2024-04-17 21:30:00',	'2024-04-17 22:00:00',	'Theodor-Körner-Straße 51, 71522 Backnang',	21,	3),
(213,	331902,	'2024-04-22',	'2024-04-22',	'2024-04-22 21:15:00',	'2024-04-22 22:00:00',	'Theodor-Körner-Straße 51, 71522 Backnang',	21,	3),
(214,	331903,	'2024-04-25',	'2024-04-25',	'2024-04-25 21:30:00',	'2024-04-25 22:00:00',	'Theodor-Körner-Straße 51, 71522 Backnang',	21,	3),
(215,	332001,	'2024-01-04',	'2024-01-04',	'2024-01-04 21:30:00',	'2024-01-04 22:00:00',	'Theodor-Körner-Straße 51, 71522 Backnang',	21,	3),
(216,	332002,	'2024-01-09',	'2024-01-09',	'2024-01-09 21:30:00',	'2024-01-09 22:00:00',	'Theodor-Körner-Straße 51, 71522 Backnang',	21,	3),
(217,	332003,	'2024-01-15',	'2024-01-15',	'2024-01-15 20:00:00',	'2024-01-15 22:00:00',	'Theodor-Körner-Straße 51, 71522 Backnang',	21,	3),
(218,	332101,	'2024-01-18',	'2024-01-18',	'2024-01-18 21:00:00',	'2024-01-18 22:00:00',	'Theodor-Körner-Straße 51, 71522 Backnang',	21,	3),
(219,	332102,	'2024-01-23',	'2024-01-23',	'2024-01-23 20:00:00',	'2024-01-23 22:00:00',	'Theodor-Körner-Straße 51, 71522 Backnang',	21,	3),
(220,	332201,	'2024-01-29',	'2024-01-29',	'2024-01-29 21:00:00',	'2024-01-29 22:00:00',	'Theodor-Körner-Straße 51, 71522 Backnang',	21,	3),
(221,	332202,	'2024-02-01',	'2024-02-01',	'2024-02-01 20:00:00',	'2024-02-01 22:00:00',	'Theodor-Körner-Straße 51, 71522 Backnang',	21,	3),
(222,	332203,	'2024-02-06',	'2024-02-06',	'2024-02-06 17:00:00',	'2024-02-06 22:00:00',	'Theodor-Körner-Straße 51, 71522 Backnang',	21,	3),
(223,	332301,	'2024-02-12',	'2024-02-12',	'2024-02-12 20:00:00',	'2024-02-12 22:00:00',	'Theodor-Körner-Straße 51, 71522 Backnang',	21,	3),
(224,	332302,	'2024-02-15',	'2024-02-15',	'2024-02-15 20:00:00',	'2024-02-15 22:00:00',	'Theodor-Körner-Straße 51, 71522 Backnang',	21,	3),
(225,	332303,	'2024-02-20',	'2024-02-20',	'2024-02-20 20:30:00',	'2024-02-20 22:00:00',	'Theodor-Körner-Straße 51, 71522 Backnang',	21,	3),
(226,	332401,	'2024-02-26',	'2024-02-26',	'2024-02-26 20:30:00',	'2024-02-26 22:00:00',	'Theodor-Körner-Straße 51, 71522 Backnang',	21,	3),
(227,	332402,	'2024-02-29',	'2024-02-29',	'2024-02-29 19:00:00',	'2024-02-29 22:00:00',	'Theodor-Körner-Straße 51, 71522 Backnang',	21,	3),
(228,	332501,	'2024-03-05',	'2024-03-05',	'2024-03-05 20:00:00',	'2024-03-05 22:00:00',	'Theodor-Körner-Straße 51, 71522 Backnang',	21,	3),
(229,	332502,	'2024-03-11',	'2024-03-11',	'2024-03-11 18:00:00',	'2024-03-11 22:00:00',	'Theodor-Körner-Straße 51, 71522 Backnang',	21,	3),
(230,	332503,	'2024-03-14',	'2024-03-14',	'2024-03-14 20:00:00',	'2024-03-14 22:00:00',	'Theodor-Körner-Straße 51, 71522 Backnang',	21,	3),
(231,	332601,	'2024-03-19',	'2024-03-19',	'2024-03-19 20:30:00',	'2024-03-19 22:00:00',	'Theodor-Körner-Straße 51, 71522 Backnang',	21,	3),
(232,	332602,	'2024-03-25',	'2024-03-25',	'2024-03-25 21:00:00',	'2024-03-25 22:00:00',	'Theodor-Körner-Straße 51, 71522 Backnang',	21,	3),
(233,	332603,	'2024-03-28',	'2024-03-28',	'2024-03-28 20:30:00',	'2024-03-28 22:00:00',	'Theodor-Körner-Straße 51, 71522 Backnang',	21,	3),
(234,	332604,	'2024-04-02',	'2024-04-02',	'2024-04-02 21:00:00',	'2024-04-02 22:00:00',	'Theodor-Körner-Straße 51, 71522 Backnang',	21,	3),
(235,	332701,	'2024-04-08',	'2024-04-08',	'2024-04-08 20:00:00',	'2024-04-08 22:00:00',	'Theodor-Körner-Straße 51, 71522 Backnang',	21,	3),
(236,	332702,	'2024-04-11',	'2024-04-11',	'2024-04-11 18:00:00',	'2024-04-11 22:00:00',	'Theodor-Körner-Straße 51, 71522 Backnang',	21,	3),
(237,	332703,	'2024-04-16',	'2024-04-16',	'2024-04-16 21:00:00',	'2024-04-16 22:00:00',	'Theodor-Körner-Straße 51, 71522 Backnang',	21,	3),
(238,	332704,	'2024-04-22',	'2024-04-22',	'2024-04-22 21:15:00',	'2024-04-22 22:00:00',	'Theodor-Körner-Straße 51, 71522 Backnang',	21,	3),
(239,	332705,	'2024-04-25',	'2024-04-25',	'2024-04-25 21:15:00',	'2024-04-25 22:00:00',	'Theodor-Körner-Straße 51, 71522 Backnang',	21,	3),
(240,	2340101,	'2024-01-03',	'2024-01-03',	'2024-01-03 20:30:00',	'2024-01-03 22:00:00',	'Theodor-Körner-Straße 51, 71522 Backnang',	21,	3),
(241,	2340102,	'2024-01-08',	'2024-01-08',	'2024-01-08 20:30:00',	'2024-01-08 22:00:00',	'Theodor-Körner-Straße 51, 71522 Backnang',	21,	3),
(242,	2340103,	'2024-01-10',	'2024-01-10',	'2024-01-10 21:00:00',	'2024-01-10 22:00:00',	'Theodor-Körner-Straße 51, 71522 Backnang',	21,	3),
(243,	2340104,	'2024-01-15',	'2024-01-15',	'2024-01-15 21:15:00',	'2024-01-15 22:00:00',	'Theodor-Körner-Straße 51, 71522 Backnang',	21,	3),
(244,	2340105,	'2024-01-18',	'2024-01-18',	'2024-01-18 21:15:00',	'2024-01-18 22:00:00',	'Theodor-Körner-Straße 51, 71522 Backnang',	21,	3),
(245,	2340201,	'2024-01-22',	'2024-01-22',	'2024-01-22 21:30:00',	'2024-01-22 22:00:00',	'Theodor-Körner-Straße 51, 71522 Backnang',	21,	3),
(246,	2340202,	'2024-01-25',	'2024-01-25',	'2024-01-25 21:00:00',	'2024-01-25 22:00:00',	'Theodor-Körner-Straße 51, 71522 Backnang',	21,	3),
(247,	2340203,	'2024-01-29',	'2024-01-29',	'2024-01-29 19:15:00',	'2024-01-29 22:00:00',	'Theodor-Körner-Straße 51, 71522 Backnang',	21,	3),
(248,	2340204,	'2024-02-01',	'2024-02-01',	'2024-02-01 21:00:00',	'2024-02-01 22:00:00',	'Theodor-Körner-Straße 51, 71522 Backnang',	21,	3),
(249,	2340301,	'2024-02-06',	'2024-02-06',	'2024-02-06 21:15:00',	'2024-02-06 22:00:00',	'Theodor-Körner-Straße 51, 71522 Backnang',	21,	3),
(250,	2340302,	'2024-02-08',	'2024-02-08',	'2024-02-08 21:30:00',	'2024-02-08 22:00:00',	'Theodor-Körner-Straße 51, 71522 Backnang',	21,	3),
(251,	2340401,	'2024-02-13',	'2024-02-13',	'2024-02-13 21:15:00',	'2024-02-13 22:00:00',	'Theodor-Körner-Straße 51, 71522 Backnang',	21,	3),
(252,	2340402,	'2024-02-15',	'2024-02-15',	'2024-02-15 21:30:00',	'2024-02-15 22:00:00',	'Theodor-Körner-Straße 51, 71522 Backnang',	21,	3),
(253,	2340403,	'2024-02-20',	'2024-02-20',	'2024-02-20 21:00:00',	'2024-02-20 22:00:00',	'Theodor-Körner-Straße 51, 71522 Backnang',	21,	3),
(254,	2340404,	'2024-02-23',	'2024-02-23',	'2024-02-23 21:00:00',	'2024-02-23 22:00:00',	'Theodor-Körner-Straße 51, 71522 Backnang',	21,	3),
(255,	2340501,	'2024-02-27',	'2024-02-27',	'2024-02-27 21:00:00',	'2024-02-27 22:00:00',	'Theodor-Körner-Straße 51, 71522 Backnang',	21,	3),
(256,	2340502,	'2024-03-01',	'2024-03-01',	'2024-03-01 20:00:00',	'2024-03-01 22:00:00',	'Theodor-Körner-Straße 51, 71522 Backnang',	21,	3),
(257,	2340503,	'2024-03-05',	'2024-03-05',	'2024-03-05 20:00:00',	'2024-03-05 22:00:00',	'Theodor-Körner-Straße 51, 71522 Backnang',	21,	3),
(258,	2340601,	'2024-03-08',	'2024-03-08',	'2024-03-08 21:45:00',	'2024-03-08 22:00:00',	'Theodor-Körner-Straße 51, 71522 Backnang',	21,	3),
(259,	2340602,	'2024-03-13',	'2024-03-13',	'2024-03-13 21:00:00',	'2024-03-13 22:00:00',	'Theodor-Körner-Straße 51, 71522 Backnang',	21,	3),
(260,	2340603,	'2024-03-15',	'2024-03-15',	'2024-03-15 21:00:00',	'2024-03-15 22:00:00',	'Theodor-Körner-Straße 51, 71522 Backnang',	21,	3),
(261,	2340701,	'2024-03-20',	'2024-03-20',	'2024-03-20 20:00:00',	'2024-03-20 22:00:00',	'Theodor-Körner-Straße 51, 71522 Backnang',	21,	3),
(262,	2340702,	'2024-03-22',	'2024-03-22',	'2024-03-22 19:00:00',	'2024-03-22 22:00:00',	'Theodor-Körner-Straße 51, 71522 Backnang',	21,	3),
(263,	2340703,	'2024-03-27',	'2024-03-27',	'2024-03-27 20:30:00',	'2024-03-27 22:00:00',	'Theodor-Körner-Straße 51, 71522 Backnang',	21,	3),
(264,	2340704,	'2024-04-01',	'2024-04-01',	'2024-04-01 18:00:00',	'2024-04-01 22:00:00',	'Theodor-Körner-Straße 51, 71522 Backnang',	21,	3),
(265,	2340705,	'2024-04-03',	'2024-04-03',	'2024-04-03 18:30:00',	'2024-04-03 22:00:00',	'Theodor-Körner-Straße 51, 71522 Backnang',	21,	3),
(266,	2340801,	'2024-04-08',	'2024-04-08',	'2024-04-08 19:00:00',	'2024-04-08 22:00:00',	'Theodor-Körner-Straße 51, 71522 Backnang',	21,	3),
(267,	2340802,	'2024-04-10',	'2024-04-10',	'2024-04-10 13:00:00',	'2024-04-10 22:00:00',	'Theodor-Körner-Straße 51, 71522 Backnang',	21,	3),
(268,	2340901,	'2024-04-15',	'2024-04-15',	'2024-04-15 19:00:00',	'2024-04-15 22:00:00',	'Theodor-Körner-Straße 51, 71522 Backnang',	21,	3),
(269,	2340902,	'2024-04-18',	'2024-04-18',	'2024-04-18 18:30:00',	'2024-04-18 22:00:00',	'Theodor-Körner-Straße 51, 71522 Backnang',	21,	3),
(270,	2340903,	'2024-04-22',	'2024-04-22',	'2024-04-22 17:00:00',	'2024-04-22 22:00:00',	'Theodor-Körner-Straße 51, 71522 Backnang',	21,	3),
(271,	2340904,	'2024-04-25',	'2024-04-25',	'2024-04-25 20:30:00',	'2024-04-25 22:00:00',	'Theodor-Körner-Straße 51, 71522 Backnang',	21,	3),
(272,	1420101,	'2024-01-02',	'2024-01-02',	'2024-01-02 20:30:00',	'2024-01-02 22:00:00',	'Theodor-Körner-Straße 51, 71522 Backnang',	21,	3),
(273,	1420102,	'2024-01-03',	'2024-01-03',	'2024-01-03 21:00:00',	'2024-01-03 22:00:00',	'Theodor-Körner-Straße 51, 71522 Backnang',	21,	3),
(274,	1420103,	'2024-01-04',	'2024-01-04',	'2024-01-04 21:30:00',	'2024-01-04 22:00:00',	'Theodor-Körner-Straße 51, 71522 Backnang',	21,	3),
(275,	1420104,	'2024-01-08',	'2024-01-08',	'2024-01-08 21:15:00',	'2024-01-08 22:00:00',	'Theodor-Körner-Straße 51, 71522 Backnang',	21,	3),
(276,	1420105,	'2024-01-09',	'2024-01-09',	'2024-01-09 21:30:00',	'2024-01-09 22:00:00',	'Theodor-Körner-Straße 51, 71522 Backnang',	21,	3),
(277,	1420201,	'2024-01-10',	'2024-01-10',	'2024-01-10 21:30:00',	'2024-01-10 22:00:00',	'Theodor-Körner-Straße 51, 71522 Backnang',	21,	3),
(278,	1420202,	'2024-01-12',	'2024-01-12',	'2024-01-12 20:30:00',	'2024-01-12 22:00:00',	'Theodor-Körner-Straße 51, 71522 Backnang',	21,	3),
(279,	1420203,	'2024-01-15',	'2024-01-15',	'2024-01-15 20:00:00',	'2024-01-15 22:00:00',	'Theodor-Körner-Straße 51, 71522 Backnang',	21,	3),
(280,	1420204,	'2024-01-16',	'2024-01-16',	'2024-01-16 20:30:00',	'2024-01-16 22:00:00',	'Theodor-Körner-Straße 51, 71522 Backnang',	21,	3),
(281,	1420301,	'2024-01-18',	'2024-01-18',	'2024-01-18 21:15:00',	'2024-01-18 22:00:00',	'Theodor-Körner-Straße 51, 71522 Backnang',	21,	3),
(282,	1420401,	'2024-01-19',	'2024-01-19',	'2024-01-19 21:15:00',	'2024-01-19 22:00:00',	'Theodor-Körner-Straße 51, 71522 Backnang',	21,	3),
(283,	1420402,	'2024-01-22',	'2024-01-22',	'2024-01-22 21:15:00',	'2024-01-22 22:00:00',	'Theodor-Körner-Straße 51, 71522 Backnang',	21,	3),
(284,	1420501,	'2024-01-23',	'2024-01-23',	'2024-01-23 21:15:00',	'2024-01-23 22:00:00',	'Theodor-Körner-Straße 51, 71522 Backnang',	21,	3),
(285,	1420502,	'2024-01-25',	'2024-01-25',	'2024-01-25 20:30:00',	'2024-01-25 22:00:00',	'Theodor-Körner-Straße 51, 71522 Backnang',	21,	3),
(286,	1420503,	'2024-01-26',	'2024-01-26',	'2024-01-26 21:15:00',	'2024-01-26 22:00:00',	'Theodor-Körner-Straße 51, 71522 Backnang',	21,	3),
(287,	1420601,	'2024-01-29',	'2024-01-29',	'2024-01-29 21:00:00',	'2024-01-29 22:00:00',	'Theodor-Körner-Straße 51, 71522 Backnang',	21,	3),
(288,	1420602,	'2024-01-31',	'2024-01-31',	'2024-01-31 20:00:00',	'2024-01-31 22:00:00',	'Theodor-Körner-Straße 51, 71522 Backnang',	21,	3),
(289,	1420701,	'2024-02-01',	'2024-02-01',	'2024-02-01 21:15:00',	'2024-02-01 22:00:00',	'Theodor-Körner-Straße 51, 71522 Backnang',	21,	3),
(290,	1420702,	'2024-02-02',	'2024-02-02',	'2024-02-02 21:30:00',	'2024-02-02 22:00:00',	'Theodor-Körner-Straße 51, 71522 Backnang',	21,	3),
(291,	1420801,	'2024-02-06',	'2024-02-06',	'2024-02-06 21:15:00',	'2024-02-06 22:00:00',	'Theodor-Körner-Straße 51, 71522 Backnang',	21,	3),
(292,	1420901,	'2024-02-07',	'2024-02-07',	'2024-02-07 21:15:00',	'2024-02-07 22:00:00',	'Theodor-Körner-Straße 51, 71522 Backnang',	21,	3),
(293,	1420902,	'2024-02-08',	'2024-02-08',	'2024-02-08 20:00:00',	'2024-02-08 22:00:00',	'Theodor-Körner-Straße 51, 71522 Backnang',	21,	3),
(294,	1421001,	'2024-02-09',	'2024-02-09',	'2024-02-09 21:30:00',	'2024-02-09 22:00:00',	'Theodor-Körner-Straße 51, 71522 Backnang',	21,	3),
(295,	1421002,	'2024-02-13',	'2024-02-13',	'2024-02-13 21:30:00',	'2024-02-13 22:00:00',	'Theodor-Körner-Straße 51, 71522 Backnang',	21,	3),
(296,	1421003,	'2024-02-14',	'2024-02-14',	'2024-02-14 21:30:00',	'2024-02-14 22:00:00',	'Theodor-Körner-Straße 51, 71522 Backnang',	21,	3),
(297,	1421004,	'2024-02-15',	'2024-02-15',	'2024-02-15 21:15:00',	'2024-02-15 22:00:00',	'Theodor-Körner-Straße 51, 71522 Backnang',	21,	3),
(298,	1421005,	'2024-02-19',	'2024-02-19',	'2024-02-19 21:45:00',	'2024-02-19 22:00:00',	'Theodor-Körner-Straße 51, 71522 Backnang',	21,	3),
(299,	1421101,	'2024-02-20',	'2024-02-20',	'2024-02-20 21:30:00',	'2024-02-20 22:00:00',	'Theodor-Körner-Straße 51, 71522 Backnang',	21,	3),
(300,	1421102,	'2024-02-21',	'2024-02-21',	'2024-02-21 21:45:00',	'2024-02-21 22:00:00',	'Theodor-Körner-Straße 51, 71522 Backnang',	21,	3),
(301,	1421103,	'2024-02-23',	'2024-02-23',	'2024-02-23 21:30:00',	'2024-02-23 22:00:00',	'Theodor-Körner-Straße 51, 71522 Backnang',	21,	3),
(302,	1421201,	'2024-02-26',	'2024-02-26',	'2024-02-26 21:00:00',	'2024-02-26 22:00:00',	'Theodor-Körner-Straße 51, 71522 Backnang',	21,	3),
(303,	1421202,	'2024-02-27',	'2024-02-27',	'2024-02-27 19:00:00',	'2024-02-27 22:00:00',	'Theodor-Körner-Straße 51, 71522 Backnang',	21,	3),
(304,	1421203,	'2024-02-28',	'2024-02-28',	'2024-02-28 21:00:00',	'2024-02-28 22:00:00',	'Theodor-Körner-Straße 51, 71522 Backnang',	21,	3),
(305,	1421301,	'2024-03-01',	'2024-03-01',	'2024-03-01 20:00:00',	'2024-03-01 22:00:00',	'Theodor-Körner-Straße 51, 71522 Backnang',	21,	3),
(306,	1421302,	'2024-03-04',	'2024-03-04',	'2024-03-04 17:00:00',	'2024-03-04 22:00:00',	'Theodor-Körner-Straße 51, 71522 Backnang',	21,	3),
(307,	1421303,	'2024-03-05',	'2024-03-05',	'2024-03-05 21:30:00',	'2024-03-05 22:00:00',	'Theodor-Körner-Straße 51, 71522 Backnang',	21,	3),
(308,	1421401,	'2024-03-07',	'2024-03-07',	'2024-03-07 21:30:00',	'2024-03-07 22:00:00',	'Theodor-Körner-Straße 51, 71522 Backnang',	21,	3),
(309,	1421402,	'2024-03-08',	'2024-03-08',	'2024-03-08 21:15:00',	'2024-03-08 22:00:00',	'Theodor-Körner-Straße 51, 71522 Backnang',	21,	3),
(310,	1421403,	'2024-03-11',	'2024-03-11',	'2024-03-11 20:00:00',	'2024-03-11 22:00:00',	'Theodor-Körner-Straße 51, 71522 Backnang',	21,	3),
(311,	1421404,	'2024-03-13',	'2024-03-13',	'2024-03-13 21:00:00',	'2024-03-13 22:00:00',	'Theodor-Körner-Straße 51, 71522 Backnang',	21,	3),
(312,	1421405,	'2024-03-14',	'2024-03-14',	'2024-03-14 20:30:00',	'2024-03-14 22:00:00',	'Theodor-Körner-Straße 51, 71522 Backnang',	21,	3),
(313,	1421406,	'2024-03-15',	'2024-03-15',	'2024-03-15 21:00:00',	'2024-03-15 22:00:00',	'Theodor-Körner-Straße 51, 71522 Backnang',	21,	3),
(314,	1421501,	'2024-03-18',	'2024-03-18',	'2024-03-18 21:00:00',	'2024-03-18 22:00:00',	'Theodor-Körner-Straße 51, 71522 Backnang',	21,	3),
(315,	1421502,	'2024-03-20',	'2024-03-20',	'2024-03-20 21:00:00',	'2024-03-20 22:00:00',	'Theodor-Körner-Straße 51, 71522 Backnang',	21,	3),
(316,	1421601,	'2024-03-21',	'2024-03-21',	'2024-03-21 20:30:00',	'2024-03-21 22:00:00',	'Theodor-Körner-Straße 51, 71522 Backnang',	21,	3),
(317,	1421602,	'2024-03-22',	'2024-03-22',	'2024-03-22 20:00:00',	'2024-03-22 22:00:00',	'Theodor-Körner-Straße 51, 71522 Backnang',	21,	3),
(318,	1421701,	'2024-03-26',	'2024-03-26',	'2024-03-26 21:00:00',	'2024-03-26 22:00:00',	'Theodor-Körner-Straße 51, 71522 Backnang',	21,	3),
(319,	1421702,	'2024-03-27',	'2024-03-27',	'2024-03-27 20:00:00',	'2024-03-27 22:00:00',	'Theodor-Körner-Straße 51, 71522 Backnang',	21,	3),
(320,	1421703,	'2024-03-28',	'2024-03-28',	'2024-03-28 21:30:00',	'2024-03-28 22:00:00',	'Theodor-Körner-Straße 51, 71522 Backnang',	21,	3),
(321,	1421801,	'2024-04-01',	'2024-04-01',	'2024-04-01 18:00:00',	'2024-04-01 22:00:00',	'Theodor-Körner-Straße 51, 71522 Backnang',	21,	3),
(322,	1421802,	'2024-04-02',	'2024-04-02',	'2024-04-02 21:00:00',	'2024-04-02 22:00:00',	'Theodor-Körner-Straße 51, 71522 Backnang',	21,	3),
(323,	1421803,	'2024-04-03',	'2024-04-03',	'2024-04-03 20:00:00',	'2024-04-03 22:00:00',	'Theodor-Körner-Straße 51, 71522 Backnang',	21,	3),
(324,	1421804,	'2024-04-05',	'2024-04-05',	'2024-04-05 20:00:00',	'2024-04-05 22:00:00',	'Theodor-Körner-Straße 51, 71522 Backnang',	21,	3),
(325,	1421805,	'2024-04-08',	'2024-04-08',	'2024-04-08 20:00:00',	'2024-04-08 22:00:00',	'Theodor-Körner-Straße 51, 71522 Backnang',	21,	3),
(326,	1421901,	'2024-04-09',	'2024-04-09',	'2024-04-09 21:00:00',	'2024-04-09 22:00:00',	'Theodor-Körner-Straße 51, 71522 Backnang',	21,	3),
(327,	1421902,	'2024-04-10',	'2024-04-10',	'2024-04-10 21:15:00',	'2024-04-10 22:00:00',	'Theodor-Körner-Straße 51, 71522 Backnang',	21,	3),
(328,	1421903,	'2024-04-12',	'2024-04-12',	'2024-04-12 19:00:00',	'2024-04-12 22:00:00',	'Theodor-Körner-Straße 51, 71522 Backnang',	21,	3),
(329,	1421904,	'2024-04-15',	'2024-04-15',	'2024-04-15 20:00:00',	'2024-04-15 22:00:00',	'Theodor-Körner-Straße 51, 71522 Backnang',	21,	3),
(330,	1422001,	'2024-04-16',	'2024-04-16',	'2024-04-16 20:30:00',	'2024-04-16 22:00:00',	'Theodor-Körner-Straße 51, 71522 Backnang',	21,	3),
(331,	1422002,	'2024-04-18',	'2024-04-18',	'2024-04-18 20:00:00',	'2024-04-18 22:00:00',	'Theodor-Körner-Straße 51, 71522 Backnang',	21,	3),
(332,	1422101,	'2024-04-19',	'2024-04-19',	'2024-04-19 19:59:00',	'2024-04-19 22:00:00',	'Theodor-Körner-Straße 51, 71522 Backnang',	21,	3),
(333,	1422102,	'2024-04-22',	'2024-04-22',	'2024-04-22 16:00:00',	'2024-04-22 22:00:00',	'Theodor-Körner-Straße 51, 71522 Backnang',	21,	3),
(334,	1422201,	'2024-04-24',	'2024-04-24',	'2024-04-24 21:00:00',	'2024-04-24 22:00:00',	'Theodor-Körner-Straße 51, 71522 Backnang',	21,	3),
(335,	1422202,	'2024-04-25',	'2024-04-25',	'2024-04-25 18:00:00',	'2024-04-25 22:00:00',	'Theodor-Körner-Straße 51, 71522 Backnang',	21,	3),
(336,	2410101,	'2024-01-03',	'2024-01-03',	'2024-01-03 21:15:00',	'2024-01-03 22:00:00',	'Theodor-Körner-Straße 51, 71522 Backnang',	21,	3),
(337,	2410102,	'2024-01-08',	'2024-01-08',	'2024-01-08 21:00:00',	'2024-01-08 22:00:00',	'Theodor-Körner-Straße 51, 71522 Backnang',	21,	3),
(338,	2410103,	'2024-01-11',	'2024-01-11',	'2024-01-11 21:30:00',	'2024-01-11 22:00:00',	'Theodor-Körner-Straße 51, 71522 Backnang',	21,	3),
(339,	2410104,	'2024-01-16',	'2024-01-16',	'2024-01-16 21:15:00',	'2024-01-16 22:00:00',	'Theodor-Körner-Straße 51, 71522 Backnang',	21,	3),
(340,	2410105,	'2024-01-18',	'2024-01-18',	'2024-01-18 21:30:00',	'2024-01-18 22:00:00',	'Theodor-Körner-Straße 51, 71522 Backnang',	21,	3),
(341,	2410201,	'2024-01-23',	'2024-01-23',	'2024-01-23 21:30:00',	'2024-01-23 22:00:00',	'Theodor-Körner-Straße 51, 71522 Backnang',	21,	3),
(342,	2410202,	'2024-01-26',	'2024-01-26',	'2024-01-26 20:30:00',	'2024-01-26 22:00:00',	'Theodor-Körner-Straße 51, 71522 Backnang',	21,	3),
(343,	2410203,	'2024-01-31',	'2024-01-31',	'2024-01-31 20:30:00',	'2024-01-31 22:00:00',	'Theodor-Körner-Straße 51, 71522 Backnang',	21,	3),
(344,	2410204,	'2024-02-05',	'2024-02-05',	'2024-02-05 21:30:00',	'2024-02-05 22:00:00',	'Theodor-Körner-Straße 51, 71522 Backnang',	21,	3),
(345,	2410301,	'2024-02-07',	'2024-02-07',	'2024-02-07 21:15:00',	'2024-02-07 22:00:00',	'Theodor-Körner-Straße 51, 71522 Backnang',	21,	3),
(346,	2410302,	'2024-02-12',	'2024-02-12',	'2024-02-12 21:45:00',	'2024-02-12 22:00:00',	'Theodor-Körner-Straße 51, 71522 Backnang',	21,	3),
(347,	2410401,	'2024-02-15',	'2024-02-15',	'2024-02-15 21:15:00',	'2024-02-15 22:00:00',	'Theodor-Körner-Straße 51, 71522 Backnang',	21,	3),
(348,	2410402,	'2024-02-20',	'2024-02-20',	'2024-02-20 21:30:00',	'2024-02-20 22:00:00',	'Theodor-Körner-Straße 51, 71522 Backnang',	21,	3),
(349,	2410501,	'2024-02-22',	'2024-02-22',	'2024-02-22 21:00:00',	'2024-02-22 22:00:00',	'Theodor-Körner-Straße 51, 71522 Backnang',	21,	3),
(350,	2410502,	'2024-02-27',	'2024-02-27',	'2024-02-27 19:15:00',	'2024-02-27 22:00:00',	'Theodor-Körner-Straße 51, 71522 Backnang',	21,	3),
(351,	2410503,	'2024-03-01',	'2024-03-01',	'2024-03-01 20:00:00',	'2024-03-01 22:00:00',	'Theodor-Körner-Straße 51, 71522 Backnang',	21,	3),
(352,	2410601,	'2024-03-06',	'2024-03-06',	'2024-03-06 21:45:00',	'2024-03-06 22:00:00',	'Theodor-Körner-Straße 51, 71522 Backnang',	21,	3),
(353,	2410602,	'2024-03-11',	'2024-03-11',	'2024-03-11 21:30:00',	'2024-03-11 22:00:00',	'Theodor-Körner-Straße 51, 71522 Backnang',	21,	3),
(354,	2410701,	'2024-03-13',	'2024-03-13',	'2024-03-13 21:00:00',	'2024-03-13 22:00:00',	'Theodor-Körner-Straße 51, 71522 Backnang',	21,	3),
(355,	2410702,	'2024-03-18',	'2024-03-18',	'2024-03-18 21:15:00',	'2024-03-18 22:00:00',	'Theodor-Körner-Straße 51, 71522 Backnang',	21,	3),
(356,	2410703,	'2024-03-21',	'2024-03-21',	'2024-03-21 21:00:00',	'2024-03-21 22:00:00',	'Theodor-Körner-Straße 51, 71522 Backnang',	21,	3),
(357,	2410801,	'2024-03-26',	'2024-03-26',	'2024-03-26 21:30:00',	'2024-03-26 22:00:00',	'Theodor-Körner-Straße 51, 71522 Backnang',	21,	3),
(358,	2410802,	'2024-03-28',	'2024-03-28',	'2024-03-28 21:00:00',	'2024-03-28 22:00:00',	'Theodor-Körner-Straße 51, 71522 Backnang',	21,	3),
(359,	2410901,	'2024-04-02',	'2024-04-02',	'2024-04-02 19:00:00',	'2024-04-02 22:00:00',	'Theodor-Körner-Straße 51, 71522 Backnang',	21,	3),
(360,	2410902,	'2024-04-05',	'2024-04-05',	'2024-04-05 17:00:00',	'2024-04-05 22:00:00',	'Theodor-Körner-Straße 51, 71522 Backnang',	21,	3),
(361,	2410903,	'2024-04-10',	'2024-04-10',	'2024-04-10 19:00:00',	'2024-04-10 22:00:00',	'Theodor-Körner-Straße 51, 71522 Backnang',	21,	3),
(362,	2410904,	'2024-04-15',	'2024-04-15',	'2024-04-15 20:30:00',	'2024-04-15 22:00:00',	'Theodor-Körner-Straße 51, 71522 Backnang',	21,	3),
(363,	2410905,	'2024-04-17',	'2024-04-17',	'2024-04-17 20:00:00',	'2024-04-17 22:00:00',	'Theodor-Körner-Straße 51, 71522 Backnang',	21,	3),
(364,	2411001,	'2024-04-22',	'2024-04-22',	'2024-04-22 19:00:00',	'2024-04-22 22:00:00',	'Theodor-Körner-Straße 51, 71522 Backnang',	21,	3),
(365,	2411002,	'2024-04-25',	'2024-04-25',	'2024-04-25 20:00:00',	'2024-04-25 22:00:00',	'Theodor-Körner-Straße 51, 71522 Backnang',	21,	3),
(366,	2600101,	'2024-01-03',	'2024-01-03',	'2024-01-03 21:00:00',	'2024-01-03 22:00:00',	'Theodor-Körner-Straße 51, 71522 Backnang',	21,	3),
(367,	2600102,	'2024-01-05',	'2024-01-05',	'2024-01-05 21:00:00',	'2024-01-05 22:00:00',	'Theodor-Körner-Straße 51, 71522 Backnang',	21,	3),
(368,	2600103,	'2024-01-09',	'2024-01-09',	'2024-01-09 21:30:00',	'2024-01-09 22:00:00',	'Theodor-Körner-Straße 51, 71522 Backnang',	21,	3),
(369,	2600104,	'2024-01-12',	'2024-01-12',	'2024-01-12 21:15:00',	'2024-01-12 22:00:00',	'Theodor-Körner-Straße 51, 71522 Backnang',	21,	3),
(370,	2600105,	'2024-01-16',	'2024-01-16',	'2024-01-16 21:30:00',	'2024-01-16 22:00:00',	'Theodor-Körner-Straße 51, 71522 Backnang',	21,	3),
(371,	2600201,	'2024-01-18',	'2024-01-18',	'2024-01-18 21:30:00',	'2024-01-18 22:00:00',	'Theodor-Körner-Straße 51, 71522 Backnang',	21,	3),
(372,	2600202,	'2024-01-22',	'2024-01-22',	'2024-01-22 21:00:00',	'2024-01-22 22:00:00',	'Theodor-Körner-Straße 51, 71522 Backnang',	21,	3),
(373,	2600203,	'2024-01-25',	'2024-01-25',	'2024-01-25 21:15:00',	'2024-01-25 22:00:00',	'Theodor-Körner-Straße 51, 71522 Backnang',	21,	3),
(374,	2600204,	'2024-01-29',	'2024-01-29',	'2024-01-29 21:00:00',	'2024-01-29 22:00:00',	'Theodor-Körner-Straße 51, 71522 Backnang',	21,	3),
(375,	2600301,	'2024-01-31',	'2024-01-31',	'2024-01-31 21:15:00',	'2024-01-31 22:00:00',	'Theodor-Körner-Straße 51, 71522 Backnang',	21,	3),
(376,	2600302,	'2024-02-02',	'2024-02-02',	'2024-02-02 21:00:00',	'2024-02-02 22:00:00',	'Theodor-Körner-Straße 51, 71522 Backnang',	21,	3),
(377,	2600401,	'2024-02-07',	'2024-02-07',	'2024-02-07 21:15:00',	'2024-02-07 22:00:00',	'Theodor-Körner-Straße 51, 71522 Backnang',	21,	3),
(378,	2600402,	'2024-02-09',	'2024-02-09',	'2024-02-09 21:30:00',	'2024-02-09 22:00:00',	'Theodor-Körner-Straße 51, 71522 Backnang',	21,	3),
(379,	2600501,	'2024-02-13',	'2024-02-13',	'2024-02-13 21:00:00',	'2024-02-13 22:00:00',	'Theodor-Körner-Straße 51, 71522 Backnang',	21,	3),
(380,	2600502,	'2024-02-15',	'2024-02-15',	'2024-02-15 20:00:00',	'2024-02-15 22:00:00',	'Theodor-Körner-Straße 51, 71522 Backnang',	21,	3),
(381,	2600503,	'2024-02-20',	'2024-02-20',	'2024-02-20 21:00:00',	'2024-02-20 22:00:00',	'Theodor-Körner-Straße 51, 71522 Backnang',	21,	3),
(382,	2600601,	'2024-02-22',	'2024-02-22',	'2024-02-22 21:45:00',	'2024-02-22 22:00:00',	'Theodor-Körner-Straße 51, 71522 Backnang',	21,	3),
(383,	2600602,	'2024-02-26',	'2024-02-26',	'2024-02-26 21:30:00',	'2024-02-26 22:00:00',	'Theodor-Körner-Straße 51, 71522 Backnang',	21,	3),
(384,	2600701,	'2024-02-28',	'2024-02-28',	'2024-02-28 21:45:00',	'2024-02-28 22:00:00',	'Theodor-Körner-Straße 51, 71522 Backnang',	21,	3),
(385,	2600801,	'2024-03-04',	'2024-03-04',	'2024-03-04 21:00:00',	'2024-03-04 22:00:00',	'Theodor-Körner-Straße 51, 71522 Backnang',	21,	3),
(386,	2600802,	'2024-03-06',	'2024-03-06',	'2024-03-06 21:15:00',	'2024-03-06 22:00:00',	'Theodor-Körner-Straße 51, 71522 Backnang',	21,	3),
(387,	2600803,	'2024-03-08',	'2024-03-08',	'2024-03-08 21:00:00',	'2024-03-08 22:00:00',	'Theodor-Körner-Straße 51, 71522 Backnang',	21,	3),
(388,	2600901,	'2024-03-12',	'2024-03-12',	'2024-03-12 21:30:00',	'2024-03-12 22:00:00',	'Theodor-Körner-Straße 51, 71522 Backnang',	21,	3),
(389,	2600902,	'2024-03-15',	'2024-03-15',	'2024-03-15 21:00:00',	'2024-03-15 22:00:00',	'Theodor-Körner-Straße 51, 71522 Backnang',	21,	3),
(390,	2601001,	'2024-03-19',	'2024-03-19',	'2024-03-19 21:30:00',	'2024-03-19 22:00:00',	'Theodor-Körner-Straße 51, 71522 Backnang',	21,	3),
(391,	2601002,	'2024-03-21',	'2024-03-21',	'2024-03-21 21:15:00',	'2024-03-21 22:00:00',	'Theodor-Körner-Straße 51, 71522 Backnang',	21,	3),
(392,	2601003,	'2024-03-25',	'2024-03-25',	'2024-03-25 20:30:00',	'2024-03-25 22:00:00',	'Theodor-Körner-Straße 51, 71522 Backnang',	21,	3),
(393,	2601004,	'2024-03-28',	'2024-03-28',	'2024-03-28 21:00:00',	'2024-03-28 22:00:00',	'Theodor-Körner-Straße 51, 71522 Backnang',	21,	3),
(394,	2601005,	'2024-04-01',	'2024-04-01',	'2024-04-01 21:15:00',	'2024-04-01 22:00:00',	'Theodor-Körner-Straße 51, 71522 Backnang',	21,	3),
(395,	2601006,	'2024-04-03',	'2024-04-03',	'2024-04-03 21:15:00',	'2024-04-03 22:00:00',	'Theodor-Körner-Straße 51, 71522 Backnang',	21,	3),
(396,	2601101,	'2024-04-05',	'2024-04-05',	'2024-04-05 20:30:00',	'2024-04-05 22:00:00',	'Theodor-Körner-Straße 51, 71522 Backnang',	21,	3),
(397,	2601102,	'2024-04-10',	'2024-04-10',	'2024-04-10 20:00:00',	'2024-04-10 22:00:00',	'Theodor-Körner-Straße 51, 71522 Backnang',	21,	3),
(398,	2601201,	'2024-04-12',	'2024-04-12',	'2024-04-12 19:00:00',	'2024-04-12 22:00:00',	'Theodor-Körner-Straße 51, 71522 Backnang',	21,	3),
(399,	2601202,	'2024-04-16',	'2024-04-16',	'2024-04-16 17:00:00',	'2024-04-16 22:00:00',	'Theodor-Körner-Straße 51, 71522 Backnang',	21,	3),
(400,	2601203,	'2024-04-18',	'2024-04-18',	'2024-04-18 17:00:00',	'2024-04-18 22:00:00',	'Theodor-Körner-Straße 51, 71522 Backnang',	21,	3),
(401,	2601204,	'2024-04-23',	'2024-04-23',	'2024-04-23 19:00:00',	'2024-04-23 22:00:00',	'Theodor-Körner-Straße 51, 71522 Backnang',	21,	3),
(402,	2601205,	'2024-04-25',	'2024-04-25',	'2024-04-25 20:30:00',	'2024-04-25 22:00:00',	'Theodor-Körner-Straße 51, 71522 Backnang',	21,	3),
(403,	150101,	'2024-01-04',	'2024-01-04',	'2024-01-04 20:00:00',	'2024-01-04 22:00:00',	'Theodor-Körner-Straße 51, 71522 Backnang',	21,	3),
(404,	150102,	'2024-01-09',	'2024-01-09',	'2024-01-09 20:30:00',	'2024-01-09 22:00:00',	'Theodor-Körner-Straße 51, 71522 Backnang',	21,	3),
(405,	150103,	'2024-01-12',	'2024-01-12',	'2024-01-12 21:00:00',	'2024-01-12 22:00:00',	'Theodor-Körner-Straße 51, 71522 Backnang',	21,	3),
(406,	150104,	'2024-01-17',	'2024-01-17',	'2024-01-17 21:15:00',	'2024-01-17 22:00:00',	'Theodor-Körner-Straße 51, 71522 Backnang',	21,	3),
(407,	150105,	'2024-01-22',	'2024-01-22',	'2024-01-22 21:30:00',	'2024-01-22 22:00:00',	'Theodor-Körner-Straße 51, 71522 Backnang',	21,	3),
(408,	150201,	'2024-01-25',	'2024-01-25',	'2024-01-25 21:30:00',	'2024-01-25 22:00:00',	'Theodor-Körner-Straße 51, 71522 Backnang',	21,	3),
(409,	150202,	'2024-01-30',	'2024-01-30',	'2024-01-30 21:00:00',	'2024-01-30 22:00:00',	'Theodor-Körner-Straße 51, 71522 Backnang',	21,	3),
(410,	150203,	'2024-02-02',	'2024-02-02',	'2024-02-02 20:30:00',	'2024-02-02 22:00:00',	'Theodor-Körner-Straße 51, 71522 Backnang',	21,	3),
(411,	150204,	'2024-02-07',	'2024-02-07',	'2024-02-07 20:00:00',	'2024-02-07 22:00:00',	'Theodor-Körner-Straße 51, 71522 Backnang',	21,	3),
(412,	150301,	'2024-02-12',	'2024-02-12',	'2024-02-12 21:15:00',	'2024-02-12 22:00:00',	'Theodor-Körner-Straße 51, 71522 Backnang',	21,	3),
(413,	150302,	'2024-02-15',	'2024-02-15',	'2024-02-15 21:30:00',	'2024-02-15 22:00:00',	'Theodor-Körner-Straße 51, 71522 Backnang',	21,	3),
(414,	150401,	'2024-02-21',	'2024-02-21',	'2024-02-21 21:15:00',	'2024-02-21 22:00:00',	'Theodor-Körner-Straße 51, 71522 Backnang',	21,	3),
(415,	150402,	'2024-02-26',	'2024-02-26',	'2024-02-26 21:30:00',	'2024-02-26 22:00:00',	'Theodor-Körner-Straße 51, 71522 Backnang',	21,	3),
(416,	150501,	'2024-02-29',	'2024-02-29',	'2024-02-29 21:00:00',	'2024-02-29 22:00:00',	'Theodor-Körner-Straße 51, 71522 Backnang',	21,	3),
(417,	150502,	'2024-03-05',	'2024-03-05',	'2024-03-05 20:00:00',	'2024-03-05 22:00:00',	'Theodor-Körner-Straße 51, 71522 Backnang',	21,	3),
(418,	150503,	'2024-03-08',	'2024-03-08',	'2024-03-08 21:15:00',	'2024-03-08 22:00:00',	'Theodor-Körner-Straße 51, 71522 Backnang',	21,	3),
(419,	150601,	'2024-03-13',	'2024-03-13',	'2024-03-13 21:45:00',	'2024-03-13 22:00:00',	'Theodor-Körner-Straße 51, 71522 Backnang',	21,	3),
(420,	150602,	'2024-03-18',	'2024-03-18',	'2024-03-18 21:15:00',	'2024-03-18 22:00:00',	'Theodor-Körner-Straße 51, 71522 Backnang',	21,	3),
(421,	150701,	'2024-03-21',	'2024-03-21',	'2024-03-21 21:30:00',	'2024-03-21 22:00:00',	'Theodor-Körner-Straße 51, 71522 Backnang',	21,	3),
(422,	150702,	'2024-03-26',	'2024-03-26',	'2024-03-26 21:00:00',	'2024-03-26 22:00:00',	'Theodor-Körner-Straße 51, 71522 Backnang',	21,	3),
(423,	150703,	'2024-03-29',	'2024-03-29',	'2024-03-29 19:00:00',	'2024-03-29 22:00:00',	'Theodor-Körner-Straße 51, 71522 Backnang',	21,	3),
(424,	150704,	'2024-04-03',	'2024-04-03',	'2024-04-03 19:00:00',	'2024-04-03 22:00:00',	'Theodor-Körner-Straße 51, 71522 Backnang',	21,	3),
(425,	150801,	'2024-04-08',	'2024-04-08',	'2024-04-08 21:15:00',	'2024-04-08 22:00:00',	'Theodor-Körner-Straße 51, 71522 Backnang',	21,	3),
(426,	150802,	'2024-04-12',	'2024-04-12',	'2024-04-12 21:00:00',	'2024-04-12 22:00:00',	'Theodor-Körner-Straße 51, 71522 Backnang',	21,	3),
(427,	150901,	'2024-04-17',	'2024-04-17',	'2024-04-17 21:00:00',	'2024-04-17 22:00:00',	'Theodor-Körner-Straße 51, 71522 Backnang',	21,	3),
(428,	150902,	'2024-04-22',	'2024-04-22',	'2024-04-22 21:30:00',	'2024-04-22 22:00:00',	'Theodor-Körner-Straße 51, 71522 Backnang',	21,	3),
(429,	150903,	'2024-04-25',	'2024-04-25',	'2024-04-25 19:00:00',	'2024-04-25 22:00:00',	'Theodor-Körner-Straße 51, 71522 Backnang',	21,	3),
(430,	151001,	'2024-01-05',	'2024-01-05',	'2024-01-05 21:00:00',	'2024-01-05 22:00:00',	'Theodor-Körner-Straße 51, 71522 Backnang',	21,	3),
(431,	151002,	'2024-01-11',	'2024-01-11',	'2024-01-11 20:30:00',	'2024-01-11 22:00:00',	'Theodor-Körner-Straße 51, 71522 Backnang',	21,	3),
(432,	151003,	'2024-01-18',	'2024-01-18',	'2024-01-18 21:00:00',	'2024-01-18 22:00:00',	'Theodor-Körner-Straße 51, 71522 Backnang',	21,	3),
(433,	151101,	'2024-01-24',	'2024-01-24',	'2024-01-24 21:30:00',	'2024-01-24 22:00:00',	'Theodor-Körner-Straße 51, 71522 Backnang',	21,	3),
(434,	151102,	'2024-01-30',	'2024-01-30',	'2024-01-30 21:00:00',	'2024-01-30 22:00:00',	'Theodor-Körner-Straße 51, 71522 Backnang',	21,	3),
(435,	151201,	'2024-02-06',	'2024-02-06',	'2024-02-06 21:15:00',	'2024-02-06 22:00:00',	'Theodor-Körner-Straße 51, 71522 Backnang',	21,	3),
(436,	151202,	'2024-02-12',	'2024-02-12',	'2024-02-12 21:30:00',	'2024-02-12 22:00:00',	'Theodor-Körner-Straße 51, 71522 Backnang',	21,	3),
(437,	151203,	'2024-02-19',	'2024-02-19',	'2024-02-19 21:29:00',	'2024-02-19 22:00:00',	'Theodor-Körner-Straße 51, 71522 Backnang',	21,	3),
(438,	151301,	'2024-02-23',	'2024-02-23',	'2024-02-23 20:00:00',	'2024-02-23 22:00:00',	'Theodor-Körner-Straße 51, 71522 Backnang',	21,	3),
(439,	151302,	'2024-02-29',	'2024-02-29',	'2024-02-29 20:30:00',	'2024-02-29 22:00:00',	'Theodor-Körner-Straße 51, 71522 Backnang',	21,	3),
(440,	151303,	'2024-03-07',	'2024-03-07',	'2024-03-07 18:00:00',	'2024-03-07 22:00:00',	'Theodor-Körner-Straße 51, 71522 Backnang',	21,	3),
(441,	151304,	'2024-03-13',	'2024-03-13',	'2024-03-13 20:00:00',	'2024-03-13 22:00:00',	'Theodor-Körner-Straße 51, 71522 Backnang',	21,	3),
(442,	151305,	'2024-03-20',	'2024-03-20',	'2024-03-20 20:00:00',	'2024-03-20 22:00:00',	'Theodor-Körner-Straße 51, 71522 Backnang',	21,	3),
(443,	151306,	'2024-03-26',	'2024-03-26',	'2024-03-26 21:00:00',	'2024-03-26 22:00:00',	'Theodor-Körner-Straße 51, 71522 Backnang',	21,	3),
(444,	151307,	'2024-04-01',	'2024-04-01',	'2024-04-01 18:00:00',	'2024-04-01 22:00:00',	'Theodor-Körner-Straße 51, 71522 Backnang',	21,	3),
(445,	151308,	'2024-04-08',	'2024-04-08',	'2024-04-08 21:00:00',	'2024-04-08 22:00:00',	'Theodor-Körner-Straße 51, 71522 Backnang',	21,	3),
(446,	151309,	'2024-04-12',	'2024-04-12',	'2024-04-12 19:00:00',	'2024-04-12 22:00:00',	'Theodor-Körner-Straße 51, 71522 Backnang',	21,	3),
(447,	151310,	'2024-04-18',	'2024-04-18',	'2024-04-18 21:00:00',	'2024-04-18 22:00:00',	'Theodor-Körner-Straße 51, 71522 Backnang',	21,	3),
(448,	151311,	'2024-04-25',	'2024-04-25',	'2024-04-25 20:30:00',	'2024-04-25 22:00:00',	'Theodor-Körner-Straße 51, 71522 Backnang',	21,	3),
(449,	3000101,	'2024-04-26',	'2024-04-26',	'2024-04-26 21:00:00',	'2024-04-26 22:00:00',	'Theodor-Körner-Straße 51, 71522 Backnang',	21,	3),
(450,	3000102,	'2024-04-29',	'2024-04-29',	'2024-04-29 21:00:00',	'2024-04-29 22:00:00',	'Theodor-Körner-Straße 51, 71522 Backnang',	21,	3),
(451,	3000103,	'2024-04-30',	'2024-04-30',	'2024-04-30 21:30:00',	'2024-04-30 22:00:00',	'Theodor-Körner-Straße 51, 71522 Backnang',	21,	3),
(452,	3000104,	'2024-05-01',	'2024-05-01',	'2024-05-01 21:15:00',	'2024-05-01 22:00:00',	'Theodor-Körner-Straße 51, 71522 Backnang',	21,	3),
(453,	3000105,	'2024-05-02',	'2024-05-02',	'2024-05-02 21:30:00',	'2024-05-02 22:00:00',	'Theodor-Körner-Straße 51, 71522 Backnang',	21,	3),
(454,	3000201,	'2024-05-03',	'2024-05-03',	'2024-05-03 21:30:00',	'2024-05-03 22:00:00',	'Theodor-Körner-Straße 51, 71522 Backnang',	21,	3),
(455,	3000202,	'2024-05-06',	'2024-05-06',	'2024-05-06 20:30:00',	'2024-05-06 22:00:00',	'Theodor-Körner-Straße 51, 71522 Backnang',	21,	3),
(456,	3000203,	'2024-05-07',	'2024-05-07',	'2024-05-07 20:00:00',	'2024-05-07 22:00:00',	'Theodor-Körner-Straße 51, 71522 Backnang',	21,	3),
(457,	3000204,	'2024-05-08',	'2024-05-08',	'2024-05-08 20:30:00',	'2024-05-08 22:00:00',	'Theodor-Körner-Straße 51, 71522 Backnang',	21,	3),
(458,	3000301,	'2024-05-10',	'2024-05-10',	'2024-05-10 21:15:00',	'2024-05-10 22:00:00',	'Theodor-Körner-Straße 51, 71522 Backnang',	21,	3),
(459,	3000401,	'2024-05-13',	'2024-05-13',	'2024-05-13 21:15:00',	'2024-05-13 22:00:00',	'Theodor-Körner-Straße 51, 71522 Backnang',	21,	3),
(460,	3000402,	'2024-05-14',	'2024-05-14',	'2024-05-14 21:15:00',	'2024-05-14 22:00:00',	'Theodor-Körner-Straße 51, 71522 Backnang',	21,	3),
(461,	3000501,	'2024-05-15',	'2024-05-15',	'2024-05-15 21:15:00',	'2024-05-15 22:00:00',	'Theodor-Körner-Straße 51, 71522 Backnang',	21,	3),
(462,	3000502,	'2024-05-16',	'2024-05-16',	'2024-05-16 20:30:00',	'2024-05-16 22:00:00',	'Theodor-Körner-Straße 51, 71522 Backnang',	21,	3),
(463,	3000503,	'2024-05-17',	'2024-05-17',	'2024-05-17 21:15:00',	'2024-05-17 22:00:00',	'Theodor-Körner-Straße 51, 71522 Backnang',	21,	3),
(464,	3000601,	'2024-05-20',	'2024-05-20',	'2024-05-20 21:30:00',	'2024-05-20 22:00:00',	'Theodor-Körner-Straße 51, 71522 Backnang',	21,	3),
(465,	3000602,	'2024-05-21',	'2024-05-21',	'2024-05-21 20:30:00',	'2024-05-21 22:00:00',	'Theodor-Körner-Straße 51, 71522 Backnang',	21,	3),
(466,	3000701,	'2024-05-22',	'2024-05-22',	'2024-05-22 21:15:00',	'2024-05-22 22:00:00',	'Theodor-Körner-Straße 51, 71522 Backnang',	21,	3),
(467,	3000702,	'2024-05-23',	'2024-05-23',	'2024-05-23 21:30:00',	'2024-05-23 22:00:00',	'Theodor-Körner-Straße 51, 71522 Backnang',	21,	3),
(468,	3000801,	'2024-05-24',	'2024-05-24',	'2024-05-24 21:15:00',	'2024-05-24 22:00:00',	'Theodor-Körner-Straße 51, 71522 Backnang',	21,	3),
(469,	3000901,	'2024-05-27',	'2024-05-27',	'2024-05-27 21:15:00',	'2024-05-27 22:00:00',	'Theodor-Körner-Straße 51, 71522 Backnang',	21,	3),
(470,	3000902,	'2024-05-28',	'2024-05-28',	'2024-05-28 20:00:00',	'2024-05-28 22:00:00',	'Theodor-Körner-Straße 51, 71522 Backnang',	21,	3),
(471,	3001001,	'2024-05-29',	'2024-05-29',	'2024-05-29 21:30:00',	'2024-05-29 22:00:00',	'Theodor-Körner-Straße 51, 71522 Backnang',	21,	3),
(472,	3001002,	'2024-05-30',	'2024-05-30',	'2024-05-30 21:30:00',	'2024-05-30 22:00:00',	'Theodor-Körner-Straße 51, 71522 Backnang',	21,	3),
(473,	3001003,	'2024-06-03',	'2024-06-03',	'2024-06-03 21:30:00',	'2024-06-03 22:00:00',	'Theodor-Körner-Straße 51, 71522 Backnang',	21,	3),
(474,	3001004,	'2024-06-04',	'2024-06-04',	'2024-06-04 21:15:00',	'2024-06-04 22:00:00',	'Theodor-Körner-Straße 51, 71522 Backnang',	21,	3),
(475,	3001005,	'2024-06-05',	'2024-06-05',	'2024-06-05 21:45:00',	'2024-06-05 22:00:00',	'Theodor-Körner-Straße 51, 71522 Backnang',	21,	3),
(476,	3001101,	'2024-06-06',	'2024-06-06',	'2024-06-06 21:30:00',	'2024-06-06 22:00:00',	'Theodor-Körner-Straße 51, 71522 Backnang',	21,	3),
(477,	3001102,	'2024-06-07',	'2024-06-07',	'2024-06-07 21:15:00',	'2024-06-07 22:00:00',	'Theodor-Körner-Straße 51, 71522 Backnang',	21,	3),
(478,	3001103,	'2024-06-10',	'2024-06-10',	'2024-06-10 21:30:00',	'2024-06-10 22:00:00',	'Theodor-Körner-Straße 51, 71522 Backnang',	21,	3),
(479,	3001201,	'2024-06-11',	'2024-06-11',	'2024-06-11 21:00:00',	'2024-06-11 22:00:00',	'Theodor-Körner-Straße 51, 71522 Backnang',	21,	3),
(480,	3001202,	'2024-06-12',	'2024-06-12',	'2024-06-12 20:00:00',	'2024-06-12 22:00:00',	'Theodor-Körner-Straße 51, 71522 Backnang',	21,	3),
(481,	3001203,	'2024-06-13',	'2024-06-13',	'2024-06-13 18:30:00',	'2024-06-13 22:00:00',	'Theodor-Körner-Straße 51, 71522 Backnang',	21,	3),
(482,	3001301,	'2024-06-14',	'2024-06-14',	'2024-06-14 21:00:00',	'2024-06-14 22:00:00',	'Theodor-Körner-Straße 51, 71522 Backnang',	21,	3),
(483,	3001302,	'2024-06-17',	'2024-06-17',	'2024-06-17 20:00:00',	'2024-06-17 22:00:00',	'Theodor-Körner-Straße 51, 71522 Backnang',	21,	3),
(484,	3001303,	'2024-06-18',	'2024-06-18',	'2024-06-18 17:00:00',	'2024-06-18 22:00:00',	'Theodor-Körner-Straße 51, 71522 Backnang',	21,	3),
(485,	3001401,	'2024-06-19',	'2024-06-19',	'2024-06-19 20:30:00',	'2024-06-19 22:00:00',	'Theodor-Körner-Straße 51, 71522 Backnang',	21,	3),
(486,	3001402,	'2024-06-20',	'2024-06-20',	'2024-06-20 19:00:00',	'2024-06-20 22:00:00',	'Theodor-Körner-Straße 51, 71522 Backnang',	21,	3),
(487,	3001403,	'2024-06-24',	'2024-06-24',	'2024-06-24 13:00:00',	'2024-06-24 22:00:00',	'Theodor-Körner-Straße 51, 71522 Backnang',	21,	3),
(488,	3001501,	'2024-06-25',	'2024-06-25',	'2024-06-25 20:30:00',	'2024-06-25 22:00:00',	'Theodor-Körner-Straße 51, 71522 Backnang',	21,	3),
(489,	3001502,	'2024-06-26',	'2024-06-26',	'2024-06-26 20:00:00',	'2024-06-26 22:00:00',	'Theodor-Körner-Straße 51, 71522 Backnang',	21,	3),
(490,	3001601,	'2024-06-27',	'2024-06-27',	'2024-06-27 21:00:00',	'2024-06-27 22:00:00',	'Theodor-Körner-Straße 51, 71522 Backnang',	21,	3),
(491,	3001602,	'2024-06-28',	'2024-06-28',	'2024-06-28 20:30:00',	'2024-06-28 22:00:00',	'Theodor-Körner-Straße 51, 71522 Backnang',	21,	3),
(492,	3001701,	'2024-07-01',	'2024-07-01',	'2024-07-01 20:00:00',	'2024-07-01 22:00:00',	'Theodor-Körner-Straße 51, 71522 Backnang',	21,	3),
(493,	3001702,	'2024-07-02',	'2024-07-02',	'2024-07-02 17:00:00',	'2024-07-02 22:00:00',	'Theodor-Körner-Straße 51, 71522 Backnang',	21,	3),
(494,	3001703,	'2024-07-03',	'2024-07-03',	'2024-07-03 21:30:00',	'2024-07-03 22:00:00',	'Theodor-Körner-Straße 51, 71522 Backnang',	21,	3),
(495,	3001801,	'2024-07-04',	'2024-07-04',	'2024-07-04 21:00:00',	'2024-07-04 22:00:00',	'Theodor-Körner-Straße 51, 71522 Backnang',	21,	3),
(496,	3001802,	'2024-07-05',	'2024-07-05',	'2024-07-05 18:00:00',	'2024-07-05 22:00:00',	'Theodor-Körner-Straße 51, 71522 Backnang',	21,	3),
(497,	3001901,	'2024-07-08',	'2024-07-08',	'2024-07-08 18:00:00',	'2024-07-08 22:00:00',	'Theodor-Körner-Straße 51, 71522 Backnang',	21,	3),
(498,	3002001,	'2024-07-09',	'2024-07-09',	'2024-07-09 20:00:00',	'2024-07-09 22:00:00',	'Theodor-Körner-Straße 51, 71522 Backnang',	21,	3),
(499,	3002101,	'2024-07-10',	'2024-07-10',	'2024-07-10 21:30:00',	'2024-07-10 22:00:00',	'Theodor-Körner-Straße 51, 71522 Backnang',	21,	3),
(500,	3002102,	'2024-07-11',	'2024-07-11',	'2024-07-11 21:30:00',	'2024-07-11 22:00:00',	'Theodor-Körner-Straße 51, 71522 Backnang',	21,	3),
(501,	3002201,	'2024-07-12',	'2024-07-12',	'2024-07-12 20:00:00',	'2024-07-12 22:00:00',	'Theodor-Körner-Straße 51, 71522 Backnang',	21,	3),
(502,	3002202,	'2024-07-16',	'2024-07-16',	'2024-07-16 19:00:00',	'2024-07-16 22:00:00',	'Theodor-Körner-Straße 51, 71522 Backnang',	21,	3),
(503,	3002301,	'2024-07-17',	'2024-07-17',	'2024-07-17 21:00:00',	'2024-07-17 22:00:00',	'Theodor-Körner-Straße 51, 71522 Backnang',	21,	3),
(504,	3002302,	'2024-07-18',	'2024-07-18',	'2024-07-18 21:00:00',	'2024-07-18 22:00:00',	'Theodor-Körner-Straße 51, 71522 Backnang',	21,	3),
(505,	3002401,	'2024-07-19',	'2024-07-19',	'2024-07-19 21:15:00',	'2024-07-19 22:00:00',	'Theodor-Körner-Straße 51, 71522 Backnang',	21,	3),
(506,	3002402,	'2024-07-22',	'2024-07-22',	'2024-07-22 21:15:00',	'2024-07-22 22:00:00',	'Theodor-Körner-Straße 51, 71522 Backnang',	21,	3),
(507,	3002403,	'2024-07-23',	'2024-07-23',	'2024-07-23 20:00:00',	'2024-07-23 22:00:00',	'Theodor-Körner-Straße 51, 71522 Backnang',	21,	3),
(508,	3002404,	'2024-07-24',	'2024-07-24',	'2024-07-24 18:30:00',	'2024-07-24 22:00:00',	'Theodor-Körner-Straße 51, 71522 Backnang',	21,	3),
(509,	3002405,	'2024-07-25',	'2024-07-25',	'2024-07-25 18:30:00',	'2024-07-25 22:00:00',	'Theodor-Körner-Straße 51, 71522 Backnang',	21,	3),
(510,	3002406,	'2024-07-26',	'2024-07-26',	'2024-07-26 19:30:00',	'2024-07-26 22:00:00',	'Theodor-Körner-Straße 51, 71522 Backnang',	21,	3),
(511,	3002407,	'2024-07-29',	'2024-07-29',	'2024-07-29 19:30:00',	'2024-07-29 22:00:00',	'Theodor-Körner-Straße 51, 71522 Backnang',	21,	3),
(512,	3002408,	'2024-07-30',	'2024-07-30',	'2024-07-30 20:00:00',	'2024-07-30 22:00:00',	'Theodor-Körner-Straße 51, 71522 Backnang',	21,	3),
(513,	3002409,	'2024-07-31',	'2024-07-31',	'2024-07-31 20:00:00',	'2024-07-31 22:00:00',	'Theodor-Körner-Straße 51, 71522 Backnang',	21,	3),
(514,	3002501,	'2024-08-01',	'2024-08-01',	'2024-08-01 21:00:00',	'2024-08-01 22:00:00',	'Theodor-Körner-Straße 51, 71522 Backnang',	21,	3),
(515,	3002502,	'2024-08-02',	'2024-08-02',	'2024-08-02 21:00:00',	'2024-08-02 22:00:00',	'Theodor-Körner-Straße 51, 71522 Backnang',	21,	3),
(516,	3002503,	'2024-08-05',	'2024-08-05',	'2024-08-05 18:00:00',	'2024-08-05 22:00:00',	'Theodor-Körner-Straße 51, 71522 Backnang',	21,	3),
(517,	3002504,	'2024-08-07',	'2024-08-07',	'2024-08-07 18:00:00',	'2024-08-07 22:00:00',	'Theodor-Körner-Straße 51, 71522 Backnang',	21,	3),
(518,	3002505,	'2024-08-08',	'2024-08-08',	'2024-08-08 19:00:00',	'2024-08-08 22:00:00',	'Theodor-Körner-Straße 51, 71522 Backnang',	21,	3),
(519,	3002506,	'2024-08-09',	'2024-08-09',	'2024-08-09 17:00:00',	'2024-08-09 22:00:00',	'Theodor-Körner-Straße 51, 71522 Backnang',	21,	3),
(520,	3002601,	'2024-08-12',	'2024-08-12',	'2024-08-12 20:30:00',	'2024-08-12 22:00:00',	'Theodor-Körner-Straße 51, 71522 Backnang',	21,	3),
(521,	3002602,	'2024-08-13',	'2024-08-13',	'2024-08-13 20:30:00',	'2024-08-13 22:00:00',	'Theodor-Körner-Straße 51, 71522 Backnang',	21,	3),
(522,	3002603,	'2024-08-14',	'2024-08-14',	'2024-08-14 15:30:00',	'2024-08-14 22:00:00',	'Theodor-Körner-Straße 51, 71522 Backnang',	21,	3),
(523,	3002604,	'2024-08-15',	'2024-08-15',	'2024-08-15 14:00:00',	'2024-08-15 22:00:00',	'Theodor-Körner-Straße 51, 71522 Backnang',	21,	3),
(524,	3002605,	'2024-08-16',	'2024-08-16',	'2024-08-16 19:00:00',	'2024-08-16 22:00:00',	'Theodor-Körner-Straße 51, 71522 Backnang',	21,	3),
(525,	3002701,	'2024-08-19',	'2024-08-19',	'2024-08-19 21:00:00',	'2024-08-19 22:00:00',	'Theodor-Körner-Straße 51, 71522 Backnang',	21,	3),
(526,	3002702,	'2024-08-20',	'2024-08-20',	'2024-08-20 21:00:00',	'2024-08-20 22:00:00',	'Theodor-Körner-Straße 51, 71522 Backnang',	21,	3),
(527,	3200101,	'2024-04-26',	'2024-04-26',	'2024-04-26 21:00:00',	'2024-04-26 22:00:00',	'Theodor-Körner-Straße 51, 71522 Backnang',	21,	3),
(528,	3200102,	'2024-04-29',	'2024-04-29',	'2024-04-29 21:00:00',	'2024-04-29 22:00:00',	'Theodor-Körner-Straße 51, 71522 Backnang',	21,	3),
(529,	3200103,	'2024-04-30',	'2024-04-30',	'2024-04-30 21:00:00',	'2024-04-30 22:00:00',	'Theodor-Körner-Straße 51, 71522 Backnang',	21,	3),
(530,	3200104,	'2024-05-01',	'2024-05-01',	'2024-05-01 21:15:00',	'2024-05-01 22:00:00',	'Theodor-Körner-Straße 51, 71522 Backnang',	21,	3),
(531,	3200105,	'2024-05-02',	'2024-05-02',	'2024-05-02 21:30:00',	'2024-05-02 22:00:00',	'Theodor-Körner-Straße 51, 71522 Backnang',	21,	3),
(532,	3200201,	'2024-05-03',	'2024-05-03',	'2024-05-03 21:30:00',	'2024-05-03 22:00:00',	'Theodor-Körner-Straße 51, 71522 Backnang',	21,	3),
(533,	3200202,	'2024-05-06',	'2024-05-06',	'2024-05-06 21:00:00',	'2024-05-06 22:00:00',	'Theodor-Körner-Straße 51, 71522 Backnang',	21,	3),
(534,	3200203,	'2024-05-07',	'2024-05-07',	'2024-05-07 19:15:00',	'2024-05-07 22:00:00',	'Theodor-Körner-Straße 51, 71522 Backnang',	21,	3),
(535,	3200204,	'2024-05-09',	'2024-05-09',	'2024-05-09 21:00:00',	'2024-05-09 22:00:00',	'Theodor-Körner-Straße 51, 71522 Backnang',	21,	3),
(536,	3200301,	'2024-05-10',	'2024-05-10',	'2024-05-10 21:15:00',	'2024-05-10 22:00:00',	'Theodor-Körner-Straße 51, 71522 Backnang',	21,	3),
(537,	3200401,	'2024-05-13',	'2024-05-13',	'2024-05-13 21:15:00',	'2024-05-13 22:00:00',	'Theodor-Körner-Straße 51, 71522 Backnang',	21,	3),
(538,	3200402,	'2024-05-14',	'2024-05-14',	'2024-05-14 21:30:00',	'2024-05-14 22:00:00',	'Theodor-Körner-Straße 51, 71522 Backnang',	21,	3),
(539,	3200501,	'2024-05-15',	'2024-05-15',	'2024-05-15 21:00:00',	'2024-05-15 22:00:00',	'Theodor-Körner-Straße 51, 71522 Backnang',	21,	3),
(540,	3200502,	'2024-05-16',	'2024-05-16',	'2024-05-16 20:00:00',	'2024-05-16 22:00:00',	'Theodor-Körner-Straße 51, 71522 Backnang',	21,	3),
(541,	3200503,	'2024-05-17',	'2024-05-17',	'2024-05-17 20:00:00',	'2024-05-17 22:00:00',	'Theodor-Körner-Straße 51, 71522 Backnang',	21,	3),
(542,	3200601,	'2024-05-20',	'2024-05-20',	'2024-05-20 21:45:00',	'2024-05-20 22:00:00',	'Theodor-Körner-Straße 51, 71522 Backnang',	21,	3),
(543,	3200602,	'2024-05-21',	'2024-05-21',	'2024-05-21 21:00:00',	'2024-05-21 22:00:00',	'Theodor-Körner-Straße 51, 71522 Backnang',	21,	3),
(544,	3200701,	'2024-05-22',	'2024-05-22',	'2024-05-22 21:45:00',	'2024-05-22 22:00:00',	'Theodor-Körner-Straße 51, 71522 Backnang',	21,	3),
(545,	3200702,	'2024-05-23',	'2024-05-23',	'2024-05-23 21:45:00',	'2024-05-23 22:00:00',	'Theodor-Körner-Straße 51, 71522 Backnang',	21,	3),
(546,	3200703,	'2024-05-24',	'2024-05-24',	'2024-05-24 21:45:00',	'2024-05-24 22:00:00',	'Theodor-Körner-Straße 51, 71522 Backnang',	21,	3),
(547,	3200704,	'2024-05-28',	'2024-05-28',	'2024-05-28 21:15:00',	'2024-05-28 22:00:00',	'Theodor-Körner-Straße 51, 71522 Backnang',	21,	3),
(548,	3200801,	'2024-05-29',	'2024-05-29',	'2024-05-29 21:30:00',	'2024-05-29 22:00:00',	'Theodor-Körner-Straße 51, 71522 Backnang',	21,	3),
(549,	3200901,	'2024-05-30',	'2024-05-30',	'2024-05-30 21:15:00',	'2024-05-30 22:00:00',	'Theodor-Körner-Straße 51, 71522 Backnang',	21,	3),
(550,	3200902,	'2024-05-31',	'2024-05-31',	'2024-05-31 21:30:00',	'2024-05-31 22:00:00',	'Theodor-Körner-Straße 51, 71522 Backnang',	21,	3),
(551,	3201001,	'2024-06-03',	'2024-06-03',	'2024-06-03 21:15:00',	'2024-06-03 22:00:00',	'Theodor-Körner-Straße 51, 71522 Backnang',	21,	3),
(552,	3201101,	'2024-06-04',	'2024-06-04',	'2024-06-04 21:15:00',	'2024-06-04 22:00:00',	'Theodor-Körner-Straße 51, 71522 Backnang',	21,	3),
(553,	3201102,	'2024-06-05',	'2024-06-05',	'2024-06-05 20:00:00',	'2024-06-05 22:00:00',	'Theodor-Körner-Straße 51, 71522 Backnang',	21,	3),
(554,	3201201,	'2024-06-06',	'2024-06-06',	'2024-06-06 21:30:00',	'2024-06-06 22:00:00',	'Theodor-Körner-Straße 51, 71522 Backnang',	21,	3),
(555,	3201202,	'2024-06-07',	'2024-06-07',	'2024-06-07 21:30:00',	'2024-06-07 22:00:00',	'Theodor-Körner-Straße 51, 71522 Backnang',	21,	3),
(556,	3201203,	'2024-06-10',	'2024-06-10',	'2024-06-10 21:30:00',	'2024-06-10 22:00:00',	'Theodor-Körner-Straße 51, 71522 Backnang',	21,	3),
(557,	3201204,	'2024-06-11',	'2024-06-11',	'2024-06-11 21:15:00',	'2024-06-11 22:00:00',	'Theodor-Körner-Straße 51, 71522 Backnang',	21,	3),
(558,	3201205,	'2024-06-12',	'2024-06-12',	'2024-06-12 21:45:00',	'2024-06-12 22:00:00',	'Theodor-Körner-Straße 51, 71522 Backnang',	21,	3),
(559,	3201301,	'2024-06-14',	'2024-06-14',	'2024-06-14 21:30:00',	'2024-06-14 22:00:00',	'Theodor-Körner-Straße 51, 71522 Backnang',	21,	3),
(560,	3201302,	'2024-06-17',	'2024-06-17',	'2024-06-17 21:15:00',	'2024-06-17 22:00:00',	'Theodor-Körner-Straße 51, 71522 Backnang',	21,	3),
(561,	3201303,	'2024-06-18',	'2024-06-18',	'2024-06-18 21:30:00',	'2024-06-18 22:00:00',	'Theodor-Körner-Straße 51, 71522 Backnang',	21,	3),
(562,	3201401,	'2024-06-19',	'2024-06-19',	'2024-06-19 21:00:00',	'2024-06-19 22:00:00',	'Theodor-Körner-Straße 51, 71522 Backnang',	21,	3),
(563,	3201402,	'2024-06-20',	'2024-06-20',	'2024-06-20 20:15:00',	'2024-06-20 22:00:00',	'Theodor-Körner-Straße 51, 71522 Backnang',	21,	3),
(564,	3201501,	'2024-06-21',	'2024-06-21',	'2024-06-21 21:00:00',	'2024-06-21 22:00:00',	'Theodor-Körner-Straße 51, 71522 Backnang',	21,	3),
(565,	3201502,	'2024-06-24',	'2024-06-24',	'2024-06-24 20:00:00',	'2024-06-24 22:00:00',	'Theodor-Körner-Straße 51, 71522 Backnang',	21,	3),
(566,	3201503,	'2024-06-25',	'2024-06-25',	'2024-06-25 17:00:00',	'2024-06-25 22:00:00',	'Theodor-Körner-Straße 51, 71522 Backnang',	21,	3),
(567,	3201601,	'2024-06-26',	'2024-06-26',	'2024-06-26 20:30:00',	'2024-06-26 22:00:00',	'Theodor-Körner-Straße 51, 71522 Backnang',	21,	3),
(568,	3201602,	'2024-06-27',	'2024-06-27',	'2024-06-27 20:00:00',	'2024-06-27 22:00:00',	'Theodor-Körner-Straße 51, 71522 Backnang',	21,	3),
(569,	3201701,	'2024-06-28',	'2024-06-28',	'2024-06-28 21:00:00',	'2024-06-28 22:00:00',	'Theodor-Körner-Straße 51, 71522 Backnang',	21,	3),
(570,	3201702,	'2024-07-01',	'2024-07-01',	'2024-07-01 20:30:00',	'2024-07-01 22:00:00',	'Theodor-Körner-Straße 51, 71522 Backnang',	21,	3),
(571,	3201801,	'2024-07-03',	'2024-07-03',	'2024-07-03 20:00:00',	'2024-07-03 22:00:00',	'Theodor-Körner-Straße 51, 71522 Backnang',	21,	3),
(572,	3201802,	'2024-07-04',	'2024-07-04',	'2024-07-04 17:00:00',	'2024-07-04 22:00:00',	'Theodor-Körner-Straße 51, 71522 Backnang',	21,	3),
(573,	3201803,	'2024-07-05',	'2024-07-05',	'2024-07-05 21:30:00',	'2024-07-05 22:00:00',	'Theodor-Körner-Straße 51, 71522 Backnang',	21,	3),
(574,	3201901,	'2024-07-08',	'2024-07-08',	'2024-07-08 21:00:00',	'2024-07-08 22:00:00',	'Theodor-Körner-Straße 51, 71522 Backnang',	21,	3),
(575,	3201902,	'2024-07-09',	'2024-07-09',	'2024-07-09 19:00:00',	'2024-07-09 22:00:00',	'Theodor-Körner-Straße 51, 71522 Backnang',	21,	3),
(576,	3202001,	'2024-07-10',	'2024-07-10',	'2024-07-10 18:00:00',	'2024-07-10 22:00:00',	'Theodor-Körner-Straße 51, 71522 Backnang',	21,	3),
(577,	3202101,	'2024-07-11',	'2024-07-11',	'2024-07-11 19:00:00',	'2024-07-11 22:00:00',	'Theodor-Körner-Straße 51, 71522 Backnang',	21,	3),
(578,	3202201,	'2024-07-12',	'2024-07-12',	'2024-07-12 21:00:00',	'2024-07-12 22:00:00',	'Theodor-Körner-Straße 51, 71522 Backnang',	21,	3),
(579,	3202202,	'2024-07-15',	'2024-07-15',	'2024-07-15 21:00:00',	'2024-07-15 22:00:00',	'Theodor-Körner-Straße 51, 71522 Backnang',	21,	3),
(580,	3202301,	'2024-07-16',	'2024-07-16',	'2024-07-16 21:15:00',	'2024-07-16 22:00:00',	'Theodor-Körner-Straße 51, 71522 Backnang',	21,	3),
(581,	3202302,	'2024-07-17',	'2024-07-17',	'2024-07-17 21:15:00',	'2024-07-17 22:00:00',	'Theodor-Körner-Straße 51, 71522 Backnang',	21,	3),
(582,	3202401,	'2024-07-18',	'2024-07-18',	'2024-07-18 20:00:00',	'2024-07-18 22:00:00',	'Theodor-Körner-Straße 51, 71522 Backnang',	21,	3),
(583,	3202402,	'2024-07-22',	'2024-07-22',	'2024-07-22 19:00:00',	'2024-07-22 22:00:00',	'Theodor-Körner-Straße 51, 71522 Backnang',	21,	3),
(584,	3202501,	'2024-07-23',	'2024-07-23',	'2024-07-23 21:00:00',	'2024-07-23 22:00:00',	'Theodor-Körner-Straße 51, 71522 Backnang',	21,	3),
(585,	3202502,	'2024-07-24',	'2024-07-24',	'2024-07-24 21:00:00',	'2024-07-24 22:00:00',	'Theodor-Körner-Straße 51, 71522 Backnang',	21,	3),
(586,	3202601,	'2024-07-25',	'2024-07-25',	'2024-07-25 21:15:00',	'2024-07-25 22:00:00',	'Theodor-Körner-Straße 51, 71522 Backnang',	21,	3),
(587,	3202602,	'2024-07-26',	'2024-07-26',	'2024-07-26 21:15:00',	'2024-07-26 22:00:00',	'Theodor-Körner-Straße 51, 71522 Backnang',	21,	3),
(588,	3202603,	'2024-07-29',	'2024-07-29',	'2024-07-29 20:00:00',	'2024-07-29 22:00:00',	'Theodor-Körner-Straße 51, 71522 Backnang',	21,	3),
(589,	3202604,	'2024-07-30',	'2024-07-30',	'2024-07-30 18:30:00',	'2024-07-30 22:00:00',	'Theodor-Körner-Straße 51, 71522 Backnang',	21,	3),
(590,	3202605,	'2024-07-31',	'2024-07-31',	'2024-07-31 18:30:00',	'2024-07-31 22:00:00',	'Theodor-Körner-Straße 51, 71522 Backnang',	21,	3),
(591,	3202606,	'2024-08-01',	'2024-08-01',	'2024-08-01 19:30:00',	'2024-08-01 22:00:00',	'Theodor-Körner-Straße 51, 71522 Backnang',	21,	3),
(592,	3202607,	'2024-08-02',	'2024-08-02',	'2024-08-02 19:30:00',	'2024-08-02 22:00:00',	'Theodor-Körner-Straße 51, 71522 Backnang',	21,	3),
(593,	3202608,	'2024-08-05',	'2024-08-05',	'2024-08-05 20:00:00',	'2024-08-05 22:00:00',	'Theodor-Körner-Straße 51, 71522 Backnang',	21,	3),
(594,	3202609,	'2024-08-06',	'2024-08-06',	'2024-08-06 20:00:00',	'2024-08-06 22:00:00',	'Theodor-Körner-Straße 51, 71522 Backnang',	21,	3),
(595,	3202701,	'2024-08-08',	'2024-08-08',	'2024-08-08 20:30:00',	'2024-08-08 22:00:00',	'Theodor-Körner-Straße 51, 71522 Backnang',	21,	3),
(596,	3202702,	'2024-08-09',	'2024-08-09',	'2024-08-09 20:30:00',	'2024-08-09 22:00:00',	'Theodor-Körner-Straße 51, 71522 Backnang',	21,	3),
(597,	3202703,	'2024-08-12',	'2024-08-12',	'2024-08-12 15:30:00',	'2024-08-12 22:00:00',	'Theodor-Körner-Straße 51, 71522 Backnang',	21,	3),
(598,	3202704,	'2024-08-13',	'2024-08-13',	'2024-08-13 14:00:00',	'2024-08-13 22:00:00',	'Theodor-Körner-Straße 51, 71522 Backnang',	21,	3),
(599,	3202705,	'2024-08-14',	'2024-08-14',	'2024-08-14 19:00:00',	'2024-08-14 22:00:00',	'Theodor-Körner-Straße 51, 71522 Backnang',	21,	3),
(600,	3202801,	'2024-08-15',	'2024-08-15',	'2024-08-15 20:30:00',	'2024-08-15 22:00:00',	'Theodor-Körner-Straße 51, 71522 Backnang',	21,	3),
(601,	3202802,	'2024-08-16',	'2024-08-16',	'2024-08-16 18:00:00',	'2024-08-16 22:00:00',	'Theodor-Körner-Straße 51, 71522 Backnang',	21,	3),
(602,	3202901,	'2024-08-19',	'2024-08-19',	'2024-08-19 21:00:00',	'2024-08-19 22:00:00',	'Theodor-Körner-Straße 51, 71522 Backnang',	21,	3),
(603,	3202902,	'2024-08-20',	'2024-08-20',	'2024-08-20 21:00:00',	'2024-08-20 22:00:00',	'Theodor-Körner-Straße 51, 71522 Backnang',	21,	3),
(604,	330101,	'2024-04-30',	'2024-04-30',	'2024-04-30 21:00:00',	'2024-04-30 22:00:00',	'Theodor-Körner-Straße 51, 71522 Backnang',	21,	3),
(605,	330102,	'2024-05-06',	'2024-05-06',	'2024-05-06 21:00:00',	'2024-05-06 22:00:00',	'Theodor-Körner-Straße 51, 71522 Backnang',	21,	3),
(606,	330103,	'2024-05-09',	'2024-05-09',	'2024-05-09 21:15:00',	'2024-05-09 22:00:00',	'Theodor-Körner-Straße 51, 71522 Backnang',	21,	3),
(607,	330104,	'2024-05-14',	'2024-05-14',	'2024-05-14 21:15:00',	'2024-05-14 22:00:00',	'Theodor-Körner-Straße 51, 71522 Backnang',	21,	3),
(608,	330105,	'2024-05-20',	'2024-05-20',	'2024-05-20 21:30:00',	'2024-05-20 22:00:00',	'Theodor-Körner-Straße 51, 71522 Backnang',	21,	3),
(609,	330201,	'2024-05-23',	'2024-05-23',	'2024-05-23 21:00:00',	'2024-05-23 22:00:00',	'Theodor-Körner-Straße 51, 71522 Backnang',	21,	3),
(610,	330202,	'2024-05-28',	'2024-05-28',	'2024-05-28 21:00:00',	'2024-05-28 22:00:00',	'Theodor-Körner-Straße 51, 71522 Backnang',	21,	3),
(611,	330203,	'2024-06-03',	'2024-06-03',	'2024-06-03 21:00:00',	'2024-06-03 22:00:00',	'Theodor-Körner-Straße 51, 71522 Backnang',	21,	3),
(612,	330204,	'2024-06-06',	'2024-06-06',	'2024-06-06 21:00:00',	'2024-06-06 22:00:00',	'Theodor-Körner-Straße 51, 71522 Backnang',	21,	3),
(613,	330301,	'2024-06-11',	'2024-06-11',	'2024-06-11 20:30:00',	'2024-06-11 22:00:00',	'Theodor-Körner-Straße 51, 71522 Backnang',	21,	3),
(614,	330302,	'2024-06-17',	'2024-06-17',	'2024-06-17 21:30:00',	'2024-06-17 22:00:00',	'Theodor-Körner-Straße 51, 71522 Backnang',	21,	3),
(615,	330401,	'2024-06-20',	'2024-06-20',	'2024-06-20 21:15:00',	'2024-06-20 22:00:00',	'Theodor-Körner-Straße 51, 71522 Backnang',	21,	3),
(616,	330402,	'2024-06-25',	'2024-06-25',	'2024-06-25 21:15:00',	'2024-06-25 22:00:00',	'Theodor-Körner-Straße 51, 71522 Backnang',	21,	3),
(617,	330501,	'2024-07-01',	'2024-07-01',	'2024-07-01 21:00:00',	'2024-07-01 22:00:00',	'Theodor-Körner-Straße 51, 71522 Backnang',	21,	3),
(618,	330502,	'2024-07-04',	'2024-07-04',	'2024-07-04 20:00:00',	'2024-07-04 22:00:00',	'Theodor-Körner-Straße 51, 71522 Backnang',	21,	3),
(619,	330503,	'2024-07-09',	'2024-07-09',	'2024-07-09 21:00:00',	'2024-07-09 22:00:00',	'Theodor-Körner-Straße 51, 71522 Backnang',	21,	3),
(620,	330601,	'2024-07-15',	'2024-07-15',	'2024-07-15 20:30:00',	'2024-07-15 22:00:00',	'Theodor-Körner-Straße 51, 71522 Backnang',	21,	3),
(621,	330602,	'2024-07-18',	'2024-07-18',	'2024-07-18 19:30:00',	'2024-07-18 22:00:00',	'Theodor-Körner-Straße 51, 71522 Backnang',	21,	3),
(622,	330603,	'2024-07-23',	'2024-07-23',	'2024-07-23 21:00:00',	'2024-07-23 22:00:00',	'Theodor-Körner-Straße 51, 71522 Backnang',	21,	3),
(623,	330701,	'2024-07-29',	'2024-07-29',	'2024-07-29 21:30:00',	'2024-07-29 22:00:00',	'Theodor-Körner-Straße 51, 71522 Backnang',	21,	3),
(624,	330801,	'2024-08-01',	'2024-08-01',	'2024-08-01 21:30:00',	'2024-08-01 22:00:00',	'Theodor-Körner-Straße 51, 71522 Backnang',	21,	3),
(625,	330802,	'2024-08-06',	'2024-08-06',	'2024-08-06 21:30:00',	'2024-08-06 22:00:00',	'Theodor-Körner-Straße 51, 71522 Backnang',	21,	3),
(626,	330803,	'2024-08-12',	'2024-08-12',	'2024-08-12 21:30:00',	'2024-08-12 22:00:00',	'Theodor-Körner-Straße 51, 71522 Backnang',	21,	3),
(627,	330804,	'2024-08-15',	'2024-08-15',	'2024-08-15 21:00:00',	'2024-08-15 22:00:00',	'Theodor-Körner-Straße 51, 71522 Backnang',	21,	3),
(628,	330901,	'2024-08-20',	'2024-08-20',	'2024-08-20 21:30:00',	'2024-08-20 22:00:00',	'Theodor-Körner-Straße 51, 71522 Backnang',	21,	3),
(629,	331001,	'2024-04-30',	'2024-04-30',	'2024-04-30 21:30:00',	'2024-04-30 22:00:00',	'Theodor-Körner-Straße 51, 71522 Backnang',	21,	3),
(630,	331002,	'2024-05-02',	'2024-05-02',	'2024-05-02 21:30:00',	'2024-05-02 22:00:00',	'Theodor-Körner-Straße 51, 71522 Backnang',	21,	3),
(631,	331003,	'2024-05-07',	'2024-05-07',	'2024-05-07 21:30:00',	'2024-05-07 22:00:00',	'Theodor-Körner-Straße 51, 71522 Backnang',	21,	3),
(632,	331004,	'2024-05-10',	'2024-05-10',	'2024-05-10 21:30:00',	'2024-05-10 22:00:00',	'Theodor-Körner-Straße 51, 71522 Backnang',	21,	3),
(633,	331101,	'2024-05-14',	'2024-05-14',	'2024-05-14 21:45:00',	'2024-05-14 22:00:00',	'Theodor-Körner-Straße 51, 71522 Backnang',	21,	3),
(634,	331102,	'2024-05-17',	'2024-05-17',	'2024-05-17 21:00:00',	'2024-05-17 22:00:00',	'Theodor-Körner-Straße 51, 71522 Backnang',	21,	3),
(635,	331103,	'2024-05-22',	'2024-05-22',	'2024-05-22 20:30:00',	'2024-05-22 22:00:00',	'Theodor-Körner-Straße 51, 71522 Backnang',	21,	3),
(636,	331104,	'2024-05-24',	'2024-05-24',	'2024-05-24 20:30:00',	'2024-05-24 22:00:00',	'Theodor-Körner-Straße 51, 71522 Backnang',	21,	3),
(637,	331201,	'2024-05-29',	'2024-05-29',	'2024-05-29 21:30:00',	'2024-05-29 22:00:00',	'Theodor-Körner-Straße 51, 71522 Backnang',	21,	3),
(638,	331202,	'2024-06-03',	'2024-06-03',	'2024-06-03 20:30:00',	'2024-06-03 22:00:00',	'Theodor-Körner-Straße 51, 71522 Backnang',	21,	3),
(639,	331301,	'2024-06-05',	'2024-06-05',	'2024-06-05 20:30:00',	'2024-06-05 22:00:00',	'Theodor-Körner-Straße 51, 71522 Backnang',	21,	3),
(640,	331302,	'2024-06-10',	'2024-06-10',	'2024-06-10 20:00:00',	'2024-06-10 22:00:00',	'Theodor-Körner-Straße 51, 71522 Backnang',	21,	3),
(641,	331303,	'2024-06-13',	'2024-06-13',	'2024-06-13 21:15:00',	'2024-06-13 22:00:00',	'Theodor-Körner-Straße 51, 71522 Backnang',	21,	3),
(642,	331401,	'2024-06-17',	'2024-06-17',	'2024-06-17 21:30:00',	'2024-06-17 22:00:00',	'Theodor-Körner-Straße 51, 71522 Backnang',	21,	3),
(643,	331402,	'2024-06-20',	'2024-06-20',	'2024-06-20 21:30:00',	'2024-06-20 22:00:00',	'Theodor-Körner-Straße 51, 71522 Backnang',	21,	3),
(644,	331501,	'2024-06-25',	'2024-06-25',	'2024-06-25 21:00:00',	'2024-06-25 22:00:00',	'Theodor-Körner-Straße 51, 71522 Backnang',	21,	3),
(645,	331601,	'2024-06-28',	'2024-06-28',	'2024-06-28 21:15:00',	'2024-06-28 22:00:00',	'Theodor-Körner-Straße 51, 71522 Backnang',	21,	3),
(646,	331602,	'2024-07-02',	'2024-07-02',	'2024-07-02 20:00:00',	'2024-07-02 22:00:00',	'Theodor-Körner-Straße 51, 71522 Backnang',	21,	3),
(647,	331701,	'2024-07-05',	'2024-07-05',	'2024-07-05 21:30:00',	'2024-07-05 22:00:00',	'Theodor-Körner-Straße 51, 71522 Backnang',	21,	3),
(648,	331702,	'2024-07-10',	'2024-07-10',	'2024-07-10 21:30:00',	'2024-07-10 22:00:00',	'Theodor-Körner-Straße 51, 71522 Backnang',	21,	3),
(649,	331703,	'2024-07-12',	'2024-07-12',	'2024-07-12 21:30:00',	'2024-07-12 22:00:00',	'Theodor-Körner-Straße 51, 71522 Backnang',	21,	3),
(650,	331704,	'2024-07-17',	'2024-07-17',	'2024-07-17 21:15:00',	'2024-07-17 22:00:00',	'Theodor-Körner-Straße 51, 71522 Backnang',	21,	3),
(651,	331705,	'2024-07-22',	'2024-07-22',	'2024-07-22 21:45:00',	'2024-07-22 22:00:00',	'Theodor-Körner-Straße 51, 71522 Backnang',	21,	3),
(652,	331801,	'2024-07-24',	'2024-07-24',	'2024-07-24 20:00:00',	'2024-07-24 22:00:00',	'Theodor-Körner-Straße 51, 71522 Backnang',	21,	3),
(653,	331802,	'2024-07-29',	'2024-07-29',	'2024-07-29 19:00:00',	'2024-07-29 22:00:00',	'Theodor-Körner-Straße 51, 71522 Backnang',	21,	3),
(654,	331803,	'2024-08-01',	'2024-08-01',	'2024-08-01 21:00:00',	'2024-08-01 22:00:00',	'Theodor-Körner-Straße 51, 71522 Backnang',	21,	3),
(655,	331804,	'2024-08-05',	'2024-08-05',	'2024-08-05 19:00:00',	'2024-08-05 22:00:00',	'Theodor-Körner-Straße 51, 71522 Backnang',	21,	3),
(656,	331805,	'2024-08-08',	'2024-08-08',	'2024-08-08 21:30:00',	'2024-08-08 22:00:00',	'Theodor-Körner-Straße 51, 71522 Backnang',	21,	3),
(657,	331901,	'2024-08-13',	'2024-08-13',	'2024-08-13 21:30:00',	'2024-08-13 22:00:00',	'Theodor-Körner-Straße 51, 71522 Backnang',	21,	3),
(658,	331902,	'2024-08-15',	'2024-08-15',	'2024-08-15 21:15:00',	'2024-08-15 22:00:00',	'Theodor-Körner-Straße 51, 71522 Backnang',	21,	3),
(659,	331903,	'2024-08-20',	'2024-08-20',	'2024-08-20 21:30:00',	'2024-08-20 22:00:00',	'Theodor-Körner-Straße 51, 71522 Backnang',	21,	3),
(660,	332001,	'2024-04-30',	'2024-04-30',	'2024-04-30 21:30:00',	'2024-04-30 22:00:00',	'Theodor-Körner-Straße 51, 71522 Backnang',	21,	3),
(661,	332002,	'2024-05-06',	'2024-05-06',	'2024-05-06 21:30:00',	'2024-05-06 22:00:00',	'Theodor-Körner-Straße 51, 71522 Backnang',	21,	3),
(662,	332003,	'2024-05-09',	'2024-05-09',	'2024-05-09 20:00:00',	'2024-05-09 22:00:00',	'Theodor-Körner-Straße 51, 71522 Backnang',	21,	3),
(663,	332101,	'2024-05-14',	'2024-05-14',	'2024-05-14 21:00:00',	'2024-05-14 22:00:00',	'Theodor-Körner-Straße 51, 71522 Backnang',	21,	3),
(664,	332102,	'2024-05-20',	'2024-05-20',	'2024-05-20 20:00:00',	'2024-05-20 22:00:00',	'Theodor-Körner-Straße 51, 71522 Backnang',	21,	3),
(665,	332201,	'2024-05-23',	'2024-05-23',	'2024-05-23 21:00:00',	'2024-05-23 22:00:00',	'Theodor-Körner-Straße 51, 71522 Backnang',	21,	3),
(666,	332202,	'2024-05-28',	'2024-05-28',	'2024-05-28 20:00:00',	'2024-05-28 22:00:00',	'Theodor-Körner-Straße 51, 71522 Backnang',	21,	3),
(667,	332203,	'2024-06-03',	'2024-06-03',	'2024-06-03 17:00:00',	'2024-06-03 22:00:00',	'Theodor-Körner-Straße 51, 71522 Backnang',	21,	3),
(668,	332301,	'2024-06-06',	'2024-06-06',	'2024-06-06 20:00:00',	'2024-06-06 22:00:00',	'Theodor-Körner-Straße 51, 71522 Backnang',	21,	3),
(669,	332302,	'2024-06-11',	'2024-06-11',	'2024-06-11 20:00:00',	'2024-06-11 22:00:00',	'Theodor-Körner-Straße 51, 71522 Backnang',	21,	3),
(670,	332303,	'2024-06-17',	'2024-06-17',	'2024-06-17 20:30:00',	'2024-06-17 22:00:00',	'Theodor-Körner-Straße 51, 71522 Backnang',	21,	3),
(671,	332401,	'2024-06-20',	'2024-06-20',	'2024-06-20 20:30:00',	'2024-06-20 22:00:00',	'Theodor-Körner-Straße 51, 71522 Backnang',	21,	3),
(672,	332402,	'2024-06-25',	'2024-06-25',	'2024-06-25 19:00:00',	'2024-06-25 22:00:00',	'Theodor-Körner-Straße 51, 71522 Backnang',	21,	3),
(673,	332501,	'2024-07-01',	'2024-07-01',	'2024-07-01 20:00:00',	'2024-07-01 22:00:00',	'Theodor-Körner-Straße 51, 71522 Backnang',	21,	3),
(674,	332502,	'2024-07-04',	'2024-07-04',	'2024-07-04 18:00:00',	'2024-07-04 22:00:00',	'Theodor-Körner-Straße 51, 71522 Backnang',	21,	3),
(675,	332503,	'2024-07-09',	'2024-07-09',	'2024-07-09 20:00:00',	'2024-07-09 22:00:00',	'Theodor-Körner-Straße 51, 71522 Backnang',	21,	3),
(676,	332601,	'2024-07-15',	'2024-07-15',	'2024-07-15 20:30:00',	'2024-07-15 22:00:00',	'Theodor-Körner-Straße 51, 71522 Backnang',	21,	3),
(677,	332602,	'2024-07-18',	'2024-07-18',	'2024-07-18 21:00:00',	'2024-07-18 22:00:00',	'Theodor-Körner-Straße 51, 71522 Backnang',	21,	3),
(678,	332603,	'2024-07-23',	'2024-07-23',	'2024-07-23 20:30:00',	'2024-07-23 22:00:00',	'Theodor-Körner-Straße 51, 71522 Backnang',	21,	3),
(679,	332604,	'2024-07-29',	'2024-07-29',	'2024-07-29 21:00:00',	'2024-07-29 22:00:00',	'Theodor-Körner-Straße 51, 71522 Backnang',	21,	3),
(680,	332701,	'2024-08-01',	'2024-08-01',	'2024-08-01 20:00:00',	'2024-08-01 22:00:00',	'Theodor-Körner-Straße 51, 71522 Backnang',	21,	3),
(681,	332702,	'2024-08-06',	'2024-08-06',	'2024-08-06 18:00:00',	'2024-08-06 22:00:00',	'Theodor-Körner-Straße 51, 71522 Backnang',	21,	3),
(682,	332703,	'2024-08-12',	'2024-08-12',	'2024-08-12 21:00:00',	'2024-08-12 22:00:00',	'Theodor-Körner-Straße 51, 71522 Backnang',	21,	3),
(683,	332704,	'2024-08-15',	'2024-08-15',	'2024-08-15 21:15:00',	'2024-08-15 22:00:00',	'Theodor-Körner-Straße 51, 71522 Backnang',	21,	3),
(684,	332705,	'2024-08-20',	'2024-08-20',	'2024-08-20 21:15:00',	'2024-08-20 22:00:00',	'Theodor-Körner-Straße 51, 71522 Backnang',	21,	3),
(685,	2340101,	'2024-04-29',	'2024-04-29',	'2024-04-29 20:30:00',	'2024-04-29 22:00:00',	'Theodor-Körner-Straße 51, 71522 Backnang',	21,	3),
(686,	2340102,	'2024-05-02',	'2024-05-02',	'2024-05-02 20:30:00',	'2024-05-02 22:00:00',	'Theodor-Körner-Straße 51, 71522 Backnang',	21,	3),
(687,	2340103,	'2024-05-07',	'2024-05-07',	'2024-05-07 21:00:00',	'2024-05-07 22:00:00',	'Theodor-Körner-Straße 51, 71522 Backnang',	21,	3),
(688,	2340104,	'2024-05-09',	'2024-05-09',	'2024-05-09 21:15:00',	'2024-05-09 22:00:00',	'Theodor-Körner-Straße 51, 71522 Backnang',	21,	3),
(689,	2340105,	'2024-05-14',	'2024-05-14',	'2024-05-14 21:15:00',	'2024-05-14 22:00:00',	'Theodor-Körner-Straße 51, 71522 Backnang',	21,	3),
(690,	2340201,	'2024-05-16',	'2024-05-16',	'2024-05-16 21:30:00',	'2024-05-16 22:00:00',	'Theodor-Körner-Straße 51, 71522 Backnang',	21,	3),
(691,	2340202,	'2024-05-21',	'2024-05-21',	'2024-05-21 21:00:00',	'2024-05-21 22:00:00',	'Theodor-Körner-Straße 51, 71522 Backnang',	21,	3),
(692,	2340203,	'2024-05-24',	'2024-05-24',	'2024-05-24 19:15:00',	'2024-05-24 22:00:00',	'Theodor-Körner-Straße 51, 71522 Backnang',	21,	3),
(693,	2340204,	'2024-05-28',	'2024-05-28',	'2024-05-28 21:00:00',	'2024-05-28 22:00:00',	'Theodor-Körner-Straße 51, 71522 Backnang',	21,	3),
(694,	2340301,	'2024-05-31',	'2024-05-31',	'2024-05-31 21:15:00',	'2024-05-31 22:00:00',	'Theodor-Körner-Straße 51, 71522 Backnang',	21,	3),
(695,	2340302,	'2024-06-04',	'2024-06-04',	'2024-06-04 21:30:00',	'2024-06-04 22:00:00',	'Theodor-Körner-Straße 51, 71522 Backnang',	21,	3),
(696,	2340401,	'2024-06-07',	'2024-06-07',	'2024-06-07 21:15:00',	'2024-06-07 22:00:00',	'Theodor-Körner-Straße 51, 71522 Backnang',	21,	3),
(697,	2340402,	'2024-06-12',	'2024-06-12',	'2024-06-12 21:30:00',	'2024-06-12 22:00:00',	'Theodor-Körner-Straße 51, 71522 Backnang',	21,	3),
(698,	2340403,	'2024-06-14',	'2024-06-14',	'2024-06-14 21:00:00',	'2024-06-14 22:00:00',	'Theodor-Körner-Straße 51, 71522 Backnang',	21,	3),
(699,	2340404,	'2024-06-19',	'2024-06-19',	'2024-06-19 21:00:00',	'2024-06-19 22:00:00',	'Theodor-Körner-Straße 51, 71522 Backnang',	21,	3),
(700,	2340501,	'2024-06-24',	'2024-06-24',	'2024-06-24 21:00:00',	'2024-06-24 22:00:00',	'Theodor-Körner-Straße 51, 71522 Backnang',	21,	3),
(701,	2340502,	'2024-06-26',	'2024-06-26',	'2024-06-26 20:00:00',	'2024-06-26 22:00:00',	'Theodor-Körner-Straße 51, 71522 Backnang',	21,	3),
(702,	2340503,	'2024-07-01',	'2024-07-01',	'2024-07-01 20:00:00',	'2024-07-01 22:00:00',	'Theodor-Körner-Straße 51, 71522 Backnang',	21,	3),
(703,	2340601,	'2024-07-03',	'2024-07-03',	'2024-07-03 21:45:00',	'2024-07-03 22:00:00',	'Theodor-Körner-Straße 51, 71522 Backnang',	21,	3),
(704,	2340602,	'2024-07-08',	'2024-07-08',	'2024-07-08 21:00:00',	'2024-07-08 22:00:00',	'Theodor-Körner-Straße 51, 71522 Backnang',	21,	3),
(705,	2340603,	'2024-07-11',	'2024-07-11',	'2024-07-11 21:00:00',	'2024-07-11 22:00:00',	'Theodor-Körner-Straße 51, 71522 Backnang',	21,	3),
(706,	2340701,	'2024-07-15',	'2024-07-15',	'2024-07-15 20:00:00',	'2024-07-15 22:00:00',	'Theodor-Körner-Straße 51, 71522 Backnang',	21,	3),
(707,	2340702,	'2024-07-18',	'2024-07-18',	'2024-07-18 19:00:00',	'2024-07-18 22:00:00',	'Theodor-Körner-Straße 51, 71522 Backnang',	21,	3),
(708,	2340703,	'2024-07-22',	'2024-07-22',	'2024-07-22 20:30:00',	'2024-07-22 22:00:00',	'Theodor-Körner-Straße 51, 71522 Backnang',	21,	3),
(709,	2340704,	'2024-07-25',	'2024-07-25',	'2024-07-25 18:00:00',	'2024-07-25 22:00:00',	'Theodor-Körner-Straße 51, 71522 Backnang',	21,	3),
(710,	2340705,	'2024-07-30',	'2024-07-30',	'2024-07-30 18:30:00',	'2024-07-30 22:00:00',	'Theodor-Körner-Straße 51, 71522 Backnang',	21,	3),
(711,	2340801,	'2024-08-01',	'2024-08-01',	'2024-08-01 19:00:00',	'2024-08-01 22:00:00',	'Theodor-Körner-Straße 51, 71522 Backnang',	21,	3),
(712,	2340802,	'2024-08-06',	'2024-08-06',	'2024-08-06 13:00:00',	'2024-08-06 22:00:00',	'Theodor-Körner-Straße 51, 71522 Backnang',	21,	3),
(713,	2340901,	'2024-08-08',	'2024-08-08',	'2024-08-08 19:00:00',	'2024-08-08 22:00:00',	'Theodor-Körner-Straße 51, 71522 Backnang',	21,	3),
(714,	2340902,	'2024-08-13',	'2024-08-13',	'2024-08-13 18:30:00',	'2024-08-13 22:00:00',	'Theodor-Körner-Straße 51, 71522 Backnang',	21,	3),
(715,	2340903,	'2024-08-16',	'2024-08-16',	'2024-08-16 17:00:00',	'2024-08-16 22:00:00',	'Theodor-Körner-Straße 51, 71522 Backnang',	21,	3),
(716,	2340904,	'2024-08-20',	'2024-08-20',	'2024-08-20 20:30:00',	'2024-08-20 22:00:00',	'Theodor-Körner-Straße 51, 71522 Backnang',	21,	3),
(717,	1420101,	'2024-04-26',	'2024-04-26',	'2024-04-26 20:30:00',	'2024-04-26 22:00:00',	'Theodor-Körner-Straße 51, 71522 Backnang',	21,	3),
(718,	1420102,	'2024-04-29',	'2024-04-29',	'2024-04-29 21:00:00',	'2024-04-29 22:00:00',	'Theodor-Körner-Straße 51, 71522 Backnang',	21,	3),
(719,	1420103,	'2024-05-01',	'2024-05-01',	'2024-05-01 21:30:00',	'2024-05-01 22:00:00',	'Theodor-Körner-Straße 51, 71522 Backnang',	21,	3),
(720,	1420104,	'2024-05-02',	'2024-05-02',	'2024-05-02 21:15:00',	'2024-05-02 22:00:00',	'Theodor-Körner-Straße 51, 71522 Backnang',	21,	3),
(721,	1420105,	'2024-05-03',	'2024-05-03',	'2024-05-03 21:30:00',	'2024-05-03 22:00:00',	'Theodor-Körner-Straße 51, 71522 Backnang',	21,	3),
(722,	1420201,	'2024-05-07',	'2024-05-07',	'2024-05-07 21:30:00',	'2024-05-07 22:00:00',	'Theodor-Körner-Straße 51, 71522 Backnang',	21,	3),
(723,	1420202,	'2024-05-08',	'2024-05-08',	'2024-05-08 20:30:00',	'2024-05-08 22:00:00',	'Theodor-Körner-Straße 51, 71522 Backnang',	21,	3),
(724,	1420203,	'2024-05-09',	'2024-05-09',	'2024-05-09 20:00:00',	'2024-05-09 22:00:00',	'Theodor-Körner-Straße 51, 71522 Backnang',	21,	3),
(725,	1420204,	'2024-05-13',	'2024-05-13',	'2024-05-13 20:30:00',	'2024-05-13 22:00:00',	'Theodor-Körner-Straße 51, 71522 Backnang',	21,	3),
(726,	1420301,	'2024-05-14',	'2024-05-14',	'2024-05-14 21:15:00',	'2024-05-14 22:00:00',	'Theodor-Körner-Straße 51, 71522 Backnang',	21,	3),
(727,	1420401,	'2024-05-15',	'2024-05-15',	'2024-05-15 21:15:00',	'2024-05-15 22:00:00',	'Theodor-Körner-Straße 51, 71522 Backnang',	21,	3),
(728,	1420402,	'2024-05-16',	'2024-05-16',	'2024-05-16 21:15:00',	'2024-05-16 22:00:00',	'Theodor-Körner-Straße 51, 71522 Backnang',	21,	3),
(729,	1420501,	'2024-05-20',	'2024-05-20',	'2024-05-20 21:15:00',	'2024-05-20 22:00:00',	'Theodor-Körner-Straße 51, 71522 Backnang',	21,	3),
(730,	1420502,	'2024-05-21',	'2024-05-21',	'2024-05-21 20:30:00',	'2024-05-21 22:00:00',	'Theodor-Körner-Straße 51, 71522 Backnang',	21,	3),
(731,	1420503,	'2024-05-22',	'2024-05-22',	'2024-05-22 21:15:00',	'2024-05-22 22:00:00',	'Theodor-Körner-Straße 51, 71522 Backnang',	21,	3),
(732,	1420601,	'2024-05-24',	'2024-05-24',	'2024-05-24 21:00:00',	'2024-05-24 22:00:00',	'Theodor-Körner-Straße 51, 71522 Backnang',	21,	3),
(733,	1420602,	'2024-05-27',	'2024-05-27',	'2024-05-27 20:00:00',	'2024-05-27 22:00:00',	'Theodor-Körner-Straße 51, 71522 Backnang',	21,	3),
(734,	1420701,	'2024-05-28',	'2024-05-28',	'2024-05-28 21:15:00',	'2024-05-28 22:00:00',	'Theodor-Körner-Straße 51, 71522 Backnang',	21,	3),
(735,	1420702,	'2024-05-30',	'2024-05-30',	'2024-05-30 21:30:00',	'2024-05-30 22:00:00',	'Theodor-Körner-Straße 51, 71522 Backnang',	21,	3),
(736,	1420801,	'2024-05-31',	'2024-05-31',	'2024-05-31 21:15:00',	'2024-05-31 22:00:00',	'Theodor-Körner-Straße 51, 71522 Backnang',	21,	3),
(737,	1420901,	'2024-06-03',	'2024-06-03',	'2024-06-03 21:15:00',	'2024-06-03 22:00:00',	'Theodor-Körner-Straße 51, 71522 Backnang',	21,	3),
(738,	1420902,	'2024-06-04',	'2024-06-04',	'2024-06-04 20:00:00',	'2024-06-04 22:00:00',	'Theodor-Körner-Straße 51, 71522 Backnang',	21,	3),
(739,	1421001,	'2024-06-06',	'2024-06-06',	'2024-06-06 21:30:00',	'2024-06-06 22:00:00',	'Theodor-Körner-Straße 51, 71522 Backnang',	21,	3),
(740,	1421002,	'2024-06-07',	'2024-06-07',	'2024-06-07 21:30:00',	'2024-06-07 22:00:00',	'Theodor-Körner-Straße 51, 71522 Backnang',	21,	3),
(741,	1421003,	'2024-06-10',	'2024-06-10',	'2024-06-10 21:30:00',	'2024-06-10 22:00:00',	'Theodor-Körner-Straße 51, 71522 Backnang',	21,	3),
(742,	1421004,	'2024-06-12',	'2024-06-12',	'2024-06-12 21:15:00',	'2024-06-12 22:00:00',	'Theodor-Körner-Straße 51, 71522 Backnang',	21,	3),
(743,	1421005,	'2024-06-13',	'2024-06-13',	'2024-06-13 21:45:00',	'2024-06-13 22:00:00',	'Theodor-Körner-Straße 51, 71522 Backnang',	21,	3),
(744,	1421101,	'2024-06-14',	'2024-06-14',	'2024-06-14 21:30:00',	'2024-06-14 22:00:00',	'Theodor-Körner-Straße 51, 71522 Backnang',	21,	3),
(745,	1421102,	'2024-06-18',	'2024-06-18',	'2024-06-18 21:45:00',	'2024-06-18 22:00:00',	'Theodor-Körner-Straße 51, 71522 Backnang',	21,	3),
(746,	1421103,	'2024-06-19',	'2024-06-19',	'2024-06-19 21:30:00',	'2024-06-19 22:00:00',	'Theodor-Körner-Straße 51, 71522 Backnang',	21,	3),
(747,	1421201,	'2024-06-20',	'2024-06-20',	'2024-06-20 21:00:00',	'2024-06-20 22:00:00',	'Theodor-Körner-Straße 51, 71522 Backnang',	21,	3),
(748,	1421202,	'2024-06-24',	'2024-06-24',	'2024-06-24 19:00:00',	'2024-06-24 22:00:00',	'Theodor-Körner-Straße 51, 71522 Backnang',	21,	3),
(749,	1421203,	'2024-06-25',	'2024-06-25',	'2024-06-25 21:00:00',	'2024-06-25 22:00:00',	'Theodor-Körner-Straße 51, 71522 Backnang',	21,	3),
(750,	1421301,	'2024-06-26',	'2024-06-26',	'2024-06-26 20:00:00',	'2024-06-26 22:00:00',	'Theodor-Körner-Straße 51, 71522 Backnang',	21,	3),
(751,	1421302,	'2024-06-27',	'2024-06-27',	'2024-06-27 17:00:00',	'2024-06-27 22:00:00',	'Theodor-Körner-Straße 51, 71522 Backnang',	21,	3),
(752,	1421303,	'2024-07-01',	'2024-07-01',	'2024-07-01 21:30:00',	'2024-07-01 22:00:00',	'Theodor-Körner-Straße 51, 71522 Backnang',	21,	3),
(753,	1421401,	'2024-07-02',	'2024-07-02',	'2024-07-02 21:30:00',	'2024-07-02 22:00:00',	'Theodor-Körner-Straße 51, 71522 Backnang',	21,	3),
(754,	1421402,	'2024-07-03',	'2024-07-03',	'2024-07-03 21:15:00',	'2024-07-03 22:00:00',	'Theodor-Körner-Straße 51, 71522 Backnang',	21,	3),
(755,	1421403,	'2024-07-05',	'2024-07-05',	'2024-07-05 20:00:00',	'2024-07-05 22:00:00',	'Theodor-Körner-Straße 51, 71522 Backnang',	21,	3),
(756,	1421404,	'2024-07-08',	'2024-07-08',	'2024-07-08 21:00:00',	'2024-07-08 22:00:00',	'Theodor-Körner-Straße 51, 71522 Backnang',	21,	3),
(757,	1421405,	'2024-07-09',	'2024-07-09',	'2024-07-09 20:30:00',	'2024-07-09 22:00:00',	'Theodor-Körner-Straße 51, 71522 Backnang',	21,	3),
(758,	1421406,	'2024-07-11',	'2024-07-11',	'2024-07-11 21:00:00',	'2024-07-11 22:00:00',	'Theodor-Körner-Straße 51, 71522 Backnang',	21,	3),
(759,	1421501,	'2024-07-12',	'2024-07-12',	'2024-07-12 21:00:00',	'2024-07-12 22:00:00',	'Theodor-Körner-Straße 51, 71522 Backnang',	21,	3),
(760,	1421502,	'2024-07-15',	'2024-07-15',	'2024-07-15 21:00:00',	'2024-07-15 22:00:00',	'Theodor-Körner-Straße 51, 71522 Backnang',	21,	3),
(761,	1421601,	'2024-07-16',	'2024-07-16',	'2024-07-16 20:30:00',	'2024-07-16 22:00:00',	'Theodor-Körner-Straße 51, 71522 Backnang',	21,	3),
(762,	1421602,	'2024-07-18',	'2024-07-18',	'2024-07-18 20:00:00',	'2024-07-18 22:00:00',	'Theodor-Körner-Straße 51, 71522 Backnang',	21,	3),
(763,	1421701,	'2024-07-19',	'2024-07-19',	'2024-07-19 21:00:00',	'2024-07-19 22:00:00',	'Theodor-Körner-Straße 51, 71522 Backnang',	21,	3),
(764,	1421702,	'2024-07-22',	'2024-07-22',	'2024-07-22 20:00:00',	'2024-07-22 22:00:00',	'Theodor-Körner-Straße 51, 71522 Backnang',	21,	3),
(765,	1421703,	'2024-07-24',	'2024-07-24',	'2024-07-24 21:30:00',	'2024-07-24 22:00:00',	'Theodor-Körner-Straße 51, 71522 Backnang',	21,	3),
(766,	1421801,	'2024-07-25',	'2024-07-25',	'2024-07-25 18:00:00',	'2024-07-25 22:00:00',	'Theodor-Körner-Straße 51, 71522 Backnang',	21,	3),
(767,	1421802,	'2024-07-26',	'2024-07-26',	'2024-07-26 21:00:00',	'2024-07-26 22:00:00',	'Theodor-Körner-Straße 51, 71522 Backnang',	21,	3),
(768,	1421803,	'2024-07-30',	'2024-07-30',	'2024-07-30 20:00:00',	'2024-07-30 22:00:00',	'Theodor-Körner-Straße 51, 71522 Backnang',	21,	3),
(769,	1421804,	'2024-07-31',	'2024-07-31',	'2024-07-31 20:00:00',	'2024-07-31 22:00:00',	'Theodor-Körner-Straße 51, 71522 Backnang',	21,	3),
(770,	1421805,	'2024-08-01',	'2024-08-01',	'2024-08-01 20:00:00',	'2024-08-01 22:00:00',	'Theodor-Körner-Straße 51, 71522 Backnang',	21,	3),
(771,	1421901,	'2024-08-02',	'2024-08-02',	'2024-08-02 21:00:00',	'2024-08-02 22:00:00',	'Theodor-Körner-Straße 51, 71522 Backnang',	21,	3),
(772,	1421902,	'2024-08-06',	'2024-08-06',	'2024-08-06 21:15:00',	'2024-08-06 22:00:00',	'Theodor-Körner-Straße 51, 71522 Backnang',	21,	3),
(773,	1421903,	'2024-08-07',	'2024-08-07',	'2024-08-07 19:00:00',	'2024-08-07 22:00:00',	'Theodor-Körner-Straße 51, 71522 Backnang',	21,	3),
(774,	1421904,	'2024-08-08',	'2024-08-08',	'2024-08-08 20:00:00',	'2024-08-08 22:00:00',	'Theodor-Körner-Straße 51, 71522 Backnang',	21,	3),
(775,	1422001,	'2024-08-12',	'2024-08-12',	'2024-08-12 20:30:00',	'2024-08-12 22:00:00',	'Theodor-Körner-Straße 51, 71522 Backnang',	21,	3),
(776,	1422002,	'2024-08-13',	'2024-08-13',	'2024-08-13 20:00:00',	'2024-08-13 22:00:00',	'Theodor-Körner-Straße 51, 71522 Backnang',	21,	3),
(777,	1422101,	'2024-08-14',	'2024-08-14',	'2024-08-14 19:59:00',	'2024-08-14 22:00:00',	'Theodor-Körner-Straße 51, 71522 Backnang',	21,	3),
(778,	1422102,	'2024-08-16',	'2024-08-16',	'2024-08-16 16:00:00',	'2024-08-16 22:00:00',	'Theodor-Körner-Straße 51, 71522 Backnang',	21,	3),
(779,	1422201,	'2024-08-19',	'2024-08-19',	'2024-08-19 21:00:00',	'2024-08-19 22:00:00',	'Theodor-Körner-Straße 51, 71522 Backnang',	21,	3),
(780,	1422202,	'2024-08-20',	'2024-08-20',	'2024-08-20 18:00:00',	'2024-08-20 22:00:00',	'Theodor-Körner-Straße 51, 71522 Backnang',	21,	3),
(781,	2410101,	'2024-04-30',	'2024-04-30',	'2024-04-30 21:15:00',	'2024-04-30 22:00:00',	'Theodor-Körner-Straße 51, 71522 Backnang',	21,	3),
(782,	2410102,	'2024-05-02',	'2024-05-02',	'2024-05-02 21:00:00',	'2024-05-02 22:00:00',	'Theodor-Körner-Straße 51, 71522 Backnang',	21,	3),
(783,	2410103,	'2024-05-07',	'2024-05-07',	'2024-05-07 21:30:00',	'2024-05-07 22:00:00',	'Theodor-Körner-Straße 51, 71522 Backnang',	21,	3),
(784,	2410104,	'2024-05-10',	'2024-05-10',	'2024-05-10 21:15:00',	'2024-05-10 22:00:00',	'Theodor-Körner-Straße 51, 71522 Backnang',	21,	3),
(785,	2410105,	'2024-05-15',	'2024-05-15',	'2024-05-15 21:30:00',	'2024-05-15 22:00:00',	'Theodor-Körner-Straße 51, 71522 Backnang',	21,	3),
(786,	2410201,	'2024-05-20',	'2024-05-20',	'2024-05-20 21:30:00',	'2024-05-20 22:00:00',	'Theodor-Körner-Straße 51, 71522 Backnang',	21,	3),
(787,	2410202,	'2024-05-22',	'2024-05-22',	'2024-05-22 20:30:00',	'2024-05-22 22:00:00',	'Theodor-Körner-Straße 51, 71522 Backnang',	21,	3),
(788,	2410203,	'2024-05-27',	'2024-05-27',	'2024-05-27 20:30:00',	'2024-05-27 22:00:00',	'Theodor-Körner-Straße 51, 71522 Backnang',	21,	3),
(789,	2410204,	'2024-05-30',	'2024-05-30',	'2024-05-30 21:30:00',	'2024-05-30 22:00:00',	'Theodor-Körner-Straße 51, 71522 Backnang',	21,	3),
(790,	2410301,	'2024-06-04',	'2024-06-04',	'2024-06-04 21:15:00',	'2024-06-04 22:00:00',	'Theodor-Körner-Straße 51, 71522 Backnang',	21,	3),
(791,	2410302,	'2024-06-06',	'2024-06-06',	'2024-06-06 21:45:00',	'2024-06-06 22:00:00',	'Theodor-Körner-Straße 51, 71522 Backnang',	21,	3),
(792,	2410401,	'2024-06-11',	'2024-06-11',	'2024-06-11 21:15:00',	'2024-06-11 22:00:00',	'Theodor-Körner-Straße 51, 71522 Backnang',	21,	3),
(793,	2410402,	'2024-06-14',	'2024-06-14',	'2024-06-14 21:30:00',	'2024-06-14 22:00:00',	'Theodor-Körner-Straße 51, 71522 Backnang',	21,	3),
(794,	2410501,	'2024-06-19',	'2024-06-19',	'2024-06-19 21:00:00',	'2024-06-19 22:00:00',	'Theodor-Körner-Straße 51, 71522 Backnang',	21,	3),
(795,	2410502,	'2024-06-24',	'2024-06-24',	'2024-06-24 19:15:00',	'2024-06-24 22:00:00',	'Theodor-Körner-Straße 51, 71522 Backnang',	21,	3),
(796,	2410503,	'2024-06-26',	'2024-06-26',	'2024-06-26 20:00:00',	'2024-06-26 22:00:00',	'Theodor-Körner-Straße 51, 71522 Backnang',	21,	3),
(797,	2410601,	'2024-07-01',	'2024-07-01',	'2024-07-01 21:45:00',	'2024-07-01 22:00:00',	'Theodor-Körner-Straße 51, 71522 Backnang',	21,	3),
(798,	2410602,	'2024-07-04',	'2024-07-04',	'2024-07-04 21:30:00',	'2024-07-04 22:00:00',	'Theodor-Körner-Straße 51, 71522 Backnang',	21,	3),
(799,	2410701,	'2024-07-09',	'2024-07-09',	'2024-07-09 21:00:00',	'2024-07-09 22:00:00',	'Theodor-Körner-Straße 51, 71522 Backnang',	21,	3),
(800,	2410702,	'2024-07-11',	'2024-07-11',	'2024-07-11 21:15:00',	'2024-07-11 22:00:00',	'Theodor-Körner-Straße 51, 71522 Backnang',	21,	3),
(801,	2410703,	'2024-07-16',	'2024-07-16',	'2024-07-16 21:00:00',	'2024-07-16 22:00:00',	'Theodor-Körner-Straße 51, 71522 Backnang',	21,	3),
(802,	2410801,	'2024-07-19',	'2024-07-19',	'2024-07-19 21:30:00',	'2024-07-19 22:00:00',	'Theodor-Körner-Straße 51, 71522 Backnang',	21,	3),
(803,	2410802,	'2024-07-24',	'2024-07-24',	'2024-07-24 21:00:00',	'2024-07-24 22:00:00',	'Theodor-Körner-Straße 51, 71522 Backnang',	21,	3),
(804,	2410901,	'2024-07-29',	'2024-07-29',	'2024-07-29 19:00:00',	'2024-07-29 22:00:00',	'Theodor-Körner-Straße 51, 71522 Backnang',	21,	3),
(805,	2410902,	'2024-07-31',	'2024-07-31',	'2024-07-31 17:00:00',	'2024-07-31 22:00:00',	'Theodor-Körner-Straße 51, 71522 Backnang',	21,	3),
(806,	2410903,	'2024-08-05',	'2024-08-05',	'2024-08-05 19:00:00',	'2024-08-05 22:00:00',	'Theodor-Körner-Straße 51, 71522 Backnang',	21,	3),
(807,	2410904,	'2024-08-08',	'2024-08-08',	'2024-08-08 20:30:00',	'2024-08-08 22:00:00',	'Theodor-Körner-Straße 51, 71522 Backnang',	21,	3),
(808,	2410905,	'2024-08-13',	'2024-08-13',	'2024-08-13 20:00:00',	'2024-08-13 22:00:00',	'Theodor-Körner-Straße 51, 71522 Backnang',	21,	3),
(809,	2411001,	'2024-08-15',	'2024-08-15',	'2024-08-15 19:00:00',	'2024-08-15 22:00:00',	'Theodor-Körner-Straße 51, 71522 Backnang',	21,	3),
(810,	2411002,	'2024-08-20',	'2024-08-20',	'2024-08-20 20:00:00',	'2024-08-20 22:00:00',	'Theodor-Körner-Straße 51, 71522 Backnang',	21,	3),
(811,	2600101,	'2024-04-29',	'2024-04-29',	'2024-04-29 21:00:00',	'2024-04-29 22:00:00',	'Theodor-Körner-Straße 51, 71522 Backnang',	21,	3),
(812,	2600102,	'2024-05-01',	'2024-05-01',	'2024-05-01 21:00:00',	'2024-05-01 22:00:00',	'Theodor-Körner-Straße 51, 71522 Backnang',	21,	3),
(813,	2600103,	'2024-05-06',	'2024-05-06',	'2024-05-06 21:30:00',	'2024-05-06 22:00:00',	'Theodor-Körner-Straße 51, 71522 Backnang',	21,	3),
(814,	2600104,	'2024-05-08',	'2024-05-08',	'2024-05-08 21:15:00',	'2024-05-08 22:00:00',	'Theodor-Körner-Straße 51, 71522 Backnang',	21,	3),
(815,	2600105,	'2024-05-10',	'2024-05-10',	'2024-05-10 21:30:00',	'2024-05-10 22:00:00',	'Theodor-Körner-Straße 51, 71522 Backnang',	21,	3),
(816,	2600201,	'2024-05-14',	'2024-05-14',	'2024-05-14 21:30:00',	'2024-05-14 22:00:00',	'Theodor-Körner-Straße 51, 71522 Backnang',	21,	3),
(817,	2600202,	'2024-05-17',	'2024-05-17',	'2024-05-17 21:00:00',	'2024-05-17 22:00:00',	'Theodor-Körner-Straße 51, 71522 Backnang',	21,	3),
(818,	2600203,	'2024-05-21',	'2024-05-21',	'2024-05-21 21:15:00',	'2024-05-21 22:00:00',	'Theodor-Körner-Straße 51, 71522 Backnang',	21,	3),
(819,	2600204,	'2024-05-23',	'2024-05-23',	'2024-05-23 21:00:00',	'2024-05-23 22:00:00',	'Theodor-Körner-Straße 51, 71522 Backnang',	21,	3),
(820,	2600301,	'2024-05-27',	'2024-05-27',	'2024-05-27 21:15:00',	'2024-05-27 22:00:00',	'Theodor-Körner-Straße 51, 71522 Backnang',	21,	3),
(821,	2600302,	'2024-05-30',	'2024-05-30',	'2024-05-30 21:00:00',	'2024-05-30 22:00:00',	'Theodor-Körner-Straße 51, 71522 Backnang',	21,	3),
(822,	2600401,	'2024-06-03',	'2024-06-03',	'2024-06-03 21:15:00',	'2024-06-03 22:00:00',	'Theodor-Körner-Straße 51, 71522 Backnang',	21,	3),
(823,	2600402,	'2024-06-05',	'2024-06-05',	'2024-06-05 21:30:00',	'2024-06-05 22:00:00',	'Theodor-Körner-Straße 51, 71522 Backnang',	21,	3),
(824,	2600501,	'2024-06-07',	'2024-06-07',	'2024-06-07 21:00:00',	'2024-06-07 22:00:00',	'Theodor-Körner-Straße 51, 71522 Backnang',	21,	3),
(825,	2600502,	'2024-06-12',	'2024-06-12',	'2024-06-12 20:00:00',	'2024-06-12 22:00:00',	'Theodor-Körner-Straße 51, 71522 Backnang',	21,	3),
(826,	2600503,	'2024-06-14',	'2024-06-14',	'2024-06-14 21:00:00',	'2024-06-14 22:00:00',	'Theodor-Körner-Straße 51, 71522 Backnang',	21,	3),
(827,	2600601,	'2024-06-18',	'2024-06-18',	'2024-06-18 21:45:00',	'2024-06-18 22:00:00',	'Theodor-Körner-Straße 51, 71522 Backnang',	21,	3),
(828,	2600602,	'2024-06-20',	'2024-06-20',	'2024-06-20 21:30:00',	'2024-06-20 22:00:00',	'Theodor-Körner-Straße 51, 71522 Backnang',	21,	3),
(829,	2600701,	'2024-06-25',	'2024-06-25',	'2024-06-25 21:45:00',	'2024-06-25 22:00:00',	'Theodor-Körner-Straße 51, 71522 Backnang',	21,	3),
(830,	2600801,	'2024-06-27',	'2024-06-27',	'2024-06-27 21:00:00',	'2024-06-27 22:00:00',	'Theodor-Körner-Straße 51, 71522 Backnang',	21,	3),
(831,	2600802,	'2024-07-01',	'2024-07-01',	'2024-07-01 21:15:00',	'2024-07-01 22:00:00',	'Theodor-Körner-Straße 51, 71522 Backnang',	21,	3),
(832,	2600803,	'2024-07-03',	'2024-07-03',	'2024-07-03 21:00:00',	'2024-07-03 22:00:00',	'Theodor-Körner-Straße 51, 71522 Backnang',	21,	3),
(833,	2600901,	'2024-07-08',	'2024-07-08',	'2024-07-08 21:30:00',	'2024-07-08 22:00:00',	'Theodor-Körner-Straße 51, 71522 Backnang',	21,	3),
(834,	2600902,	'2024-07-10',	'2024-07-10',	'2024-07-10 21:00:00',	'2024-07-10 22:00:00',	'Theodor-Körner-Straße 51, 71522 Backnang',	21,	3),
(835,	2601001,	'2024-07-12',	'2024-07-12',	'2024-07-12 21:30:00',	'2024-07-12 22:00:00',	'Theodor-Körner-Straße 51, 71522 Backnang',	21,	3),
(836,	2601002,	'2024-07-16',	'2024-07-16',	'2024-07-16 21:15:00',	'2024-07-16 22:00:00',	'Theodor-Körner-Straße 51, 71522 Backnang',	21,	3),
(837,	2601003,	'2024-07-19',	'2024-07-19',	'2024-07-19 20:30:00',	'2024-07-19 22:00:00',	'Theodor-Körner-Straße 51, 71522 Backnang',	21,	3),
(838,	2601004,	'2024-07-23',	'2024-07-23',	'2024-07-23 21:00:00',	'2024-07-23 22:00:00',	'Theodor-Körner-Straße 51, 71522 Backnang',	21,	3),
(839,	2601005,	'2024-07-25',	'2024-07-25',	'2024-07-25 21:15:00',	'2024-07-25 22:00:00',	'Theodor-Körner-Straße 51, 71522 Backnang',	21,	3),
(840,	2601006,	'2024-07-29',	'2024-07-29',	'2024-07-29 21:15:00',	'2024-07-29 22:00:00',	'Theodor-Körner-Straße 51, 71522 Backnang',	21,	3),
(841,	2601101,	'2024-08-01',	'2024-08-01',	'2024-08-01 20:30:00',	'2024-08-01 22:00:00',	'Theodor-Körner-Straße 51, 71522 Backnang',	21,	3),
(842,	2601102,	'2024-08-05',	'2024-08-05',	'2024-08-05 20:00:00',	'2024-08-05 22:00:00',	'Theodor-Körner-Straße 51, 71522 Backnang',	21,	3),
(843,	2601201,	'2024-08-07',	'2024-08-07',	'2024-08-07 19:00:00',	'2024-08-07 22:00:00',	'Theodor-Körner-Straße 51, 71522 Backnang',	21,	3),
(844,	2601202,	'2024-08-09',	'2024-08-09',	'2024-08-09 17:00:00',	'2024-08-09 22:00:00',	'Theodor-Körner-Straße 51, 71522 Backnang',	21,	3),
(845,	2601203,	'2024-08-14',	'2024-08-14',	'2024-08-14 17:00:00',	'2024-08-14 22:00:00',	'Theodor-Körner-Straße 51, 71522 Backnang',	21,	3),
(846,	2601204,	'2024-08-16',	'2024-08-16',	'2024-08-16 19:00:00',	'2024-08-16 22:00:00',	'Theodor-Körner-Straße 51, 71522 Backnang',	21,	3),
(847,	2601205,	'2024-08-20',	'2024-08-20',	'2024-08-20 20:30:00',	'2024-08-20 22:00:00',	'Theodor-Körner-Straße 51, 71522 Backnang',	21,	3),
(848,	150101,	'2024-04-30',	'2024-04-30',	'2024-04-30 20:00:00',	'2024-04-30 22:00:00',	'Theodor-Körner-Straße 51, 71522 Backnang',	21,	3),
(849,	150102,	'2024-05-03',	'2024-05-03',	'2024-05-03 20:30:00',	'2024-05-03 22:00:00',	'Theodor-Körner-Straße 51, 71522 Backnang',	21,	3),
(850,	150103,	'2024-05-08',	'2024-05-08',	'2024-05-08 21:00:00',	'2024-05-08 22:00:00',	'Theodor-Körner-Straße 51, 71522 Backnang',	21,	3),
(851,	150104,	'2024-05-13',	'2024-05-13',	'2024-05-13 21:15:00',	'2024-05-13 22:00:00',	'Theodor-Körner-Straße 51, 71522 Backnang',	21,	3),
(852,	150105,	'2024-05-16',	'2024-05-16',	'2024-05-16 21:30:00',	'2024-05-16 22:00:00',	'Theodor-Körner-Straße 51, 71522 Backnang',	21,	3),
(853,	150201,	'2024-05-21',	'2024-05-21',	'2024-05-21 21:30:00',	'2024-05-21 22:00:00',	'Theodor-Körner-Straße 51, 71522 Backnang',	21,	3),
(854,	150202,	'2024-05-24',	'2024-05-24',	'2024-05-24 21:00:00',	'2024-05-24 22:00:00',	'Theodor-Körner-Straße 51, 71522 Backnang',	21,	3),
(855,	150203,	'2024-05-30',	'2024-05-30',	'2024-05-30 20:30:00',	'2024-05-30 22:00:00',	'Theodor-Körner-Straße 51, 71522 Backnang',	21,	3),
(856,	150204,	'2024-06-04',	'2024-06-04',	'2024-06-04 20:00:00',	'2024-06-04 22:00:00',	'Theodor-Körner-Straße 51, 71522 Backnang',	21,	3),
(857,	150301,	'2024-06-07',	'2024-06-07',	'2024-06-07 21:15:00',	'2024-06-07 22:00:00',	'Theodor-Körner-Straße 51, 71522 Backnang',	21,	3),
(858,	150302,	'2024-06-12',	'2024-06-12',	'2024-06-12 21:30:00',	'2024-06-12 22:00:00',	'Theodor-Körner-Straße 51, 71522 Backnang',	21,	3),
(859,	150401,	'2024-06-17',	'2024-06-17',	'2024-06-17 21:15:00',	'2024-06-17 22:00:00',	'Theodor-Körner-Straße 51, 71522 Backnang',	21,	3),
(860,	150402,	'2024-06-20',	'2024-06-20',	'2024-06-20 21:30:00',	'2024-06-20 22:00:00',	'Theodor-Körner-Straße 51, 71522 Backnang',	21,	3),
(861,	150501,	'2024-06-25',	'2024-06-25',	'2024-06-25 21:00:00',	'2024-06-25 22:00:00',	'Theodor-Körner-Straße 51, 71522 Backnang',	21,	3),
(862,	150502,	'2024-06-28',	'2024-06-28',	'2024-06-28 20:00:00',	'2024-06-28 22:00:00',	'Theodor-Körner-Straße 51, 71522 Backnang',	21,	3),
(863,	150503,	'2024-07-03',	'2024-07-03',	'2024-07-03 21:15:00',	'2024-07-03 22:00:00',	'Theodor-Körner-Straße 51, 71522 Backnang',	21,	3),
(864,	150601,	'2024-07-08',	'2024-07-08',	'2024-07-08 21:45:00',	'2024-07-08 22:00:00',	'Theodor-Körner-Straße 51, 71522 Backnang',	21,	3),
(865,	150602,	'2024-07-11',	'2024-07-11',	'2024-07-11 21:15:00',	'2024-07-11 22:00:00',	'Theodor-Körner-Straße 51, 71522 Backnang',	21,	3),
(866,	150701,	'2024-07-16',	'2024-07-16',	'2024-07-16 21:30:00',	'2024-07-16 22:00:00',	'Theodor-Körner-Straße 51, 71522 Backnang',	21,	3),
(867,	150702,	'2024-07-22',	'2024-07-22',	'2024-07-22 21:00:00',	'2024-07-22 22:00:00',	'Theodor-Körner-Straße 51, 71522 Backnang',	21,	3),
(868,	150703,	'2024-07-25',	'2024-07-25',	'2024-07-25 19:00:00',	'2024-07-25 22:00:00',	'Theodor-Körner-Straße 51, 71522 Backnang',	21,	3),
(869,	150704,	'2024-07-30',	'2024-07-30',	'2024-07-30 19:00:00',	'2024-07-30 22:00:00',	'Theodor-Körner-Straße 51, 71522 Backnang',	21,	3),
(870,	150801,	'2024-08-02',	'2024-08-02',	'2024-08-02 21:15:00',	'2024-08-02 22:00:00',	'Theodor-Körner-Straße 51, 71522 Backnang',	21,	3),
(871,	150802,	'2024-08-07',	'2024-08-07',	'2024-08-07 21:00:00',	'2024-08-07 22:00:00',	'Theodor-Körner-Straße 51, 71522 Backnang',	21,	3),
(872,	150901,	'2024-08-12',	'2024-08-12',	'2024-08-12 21:00:00',	'2024-08-12 22:00:00',	'Theodor-Körner-Straße 51, 71522 Backnang',	21,	3),
(873,	150902,	'2024-08-15',	'2024-08-15',	'2024-08-15 21:30:00',	'2024-08-15 22:00:00',	'Theodor-Körner-Straße 51, 71522 Backnang',	21,	3),
(874,	150903,	'2024-08-20',	'2024-08-20',	'2024-08-20 19:00:00',	'2024-08-20 22:00:00',	'Theodor-Körner-Straße 51, 71522 Backnang',	21,	3),
(875,	151001,	'2024-05-01',	'2024-05-01',	'2024-05-01 21:00:00',	'2024-05-01 22:00:00',	'Theodor-Körner-Straße 51, 71522 Backnang',	21,	3),
(876,	151002,	'2024-05-08',	'2024-05-08',	'2024-05-08 20:30:00',	'2024-05-08 22:00:00',	'Theodor-Körner-Straße 51, 71522 Backnang',	21,	3),
(877,	151003,	'2024-05-14',	'2024-05-14',	'2024-05-14 21:00:00',	'2024-05-14 22:00:00',	'Theodor-Körner-Straße 51, 71522 Backnang',	21,	3),
(878,	151101,	'2024-05-20',	'2024-05-20',	'2024-05-20 21:30:00',	'2024-05-20 22:00:00',	'Theodor-Körner-Straße 51, 71522 Backnang',	21,	3),
(879,	151102,	'2024-05-27',	'2024-05-27',	'2024-05-27 21:00:00',	'2024-05-27 22:00:00',	'Theodor-Körner-Straße 51, 71522 Backnang',	21,	3),
(880,	151201,	'2024-05-31',	'2024-05-31',	'2024-05-31 21:15:00',	'2024-05-31 22:00:00',	'Theodor-Körner-Straße 51, 71522 Backnang',	21,	3),
(881,	151202,	'2024-06-07',	'2024-06-07',	'2024-06-07 21:30:00',	'2024-06-07 22:00:00',	'Theodor-Körner-Straße 51, 71522 Backnang',	21,	3),
(882,	151203,	'2024-06-13',	'2024-06-13',	'2024-06-13 21:29:00',	'2024-06-13 22:00:00',	'Theodor-Körner-Straße 51, 71522 Backnang',	21,	3),
(883,	151301,	'2024-06-19',	'2024-06-19',	'2024-06-19 20:00:00',	'2024-06-19 22:00:00',	'Theodor-Körner-Straße 51, 71522 Backnang',	21,	3),
(884,	151302,	'2024-06-26',	'2024-06-26',	'2024-06-26 20:30:00',	'2024-06-26 22:00:00',	'Theodor-Körner-Straße 51, 71522 Backnang',	21,	3),
(885,	151303,	'2024-07-02',	'2024-07-02',	'2024-07-02 18:00:00',	'2024-07-02 22:00:00',	'Theodor-Körner-Straße 51, 71522 Backnang',	21,	3),
(886,	151304,	'2024-07-08',	'2024-07-08',	'2024-07-08 20:00:00',	'2024-07-08 22:00:00',	'Theodor-Körner-Straße 51, 71522 Backnang',	21,	3),
(887,	151305,	'2024-07-15',	'2024-07-15',	'2024-07-15 20:00:00',	'2024-07-15 22:00:00',	'Theodor-Körner-Straße 51, 71522 Backnang',	21,	3),
(888,	151306,	'2024-07-19',	'2024-07-19',	'2024-07-19 21:00:00',	'2024-07-19 22:00:00',	'Theodor-Körner-Straße 51, 71522 Backnang',	21,	3),
(889,	151307,	'2024-07-26',	'2024-07-26',	'2024-07-26 18:00:00',	'2024-07-26 22:00:00',	'Theodor-Körner-Straße 51, 71522 Backnang',	21,	3),
(890,	151308,	'2024-08-01',	'2024-08-01',	'2024-08-01 21:00:00',	'2024-08-01 22:00:00',	'Theodor-Körner-Straße 51, 71522 Backnang',	21,	3),
(891,	151309,	'2024-08-07',	'2024-08-07',	'2024-08-07 19:00:00',	'2024-08-07 22:00:00',	'Theodor-Körner-Straße 51, 71522 Backnang',	21,	3),
(892,	151310,	'2024-08-14',	'2024-08-14',	'2024-08-14 21:00:00',	'2024-08-14 22:00:00',	'Theodor-Körner-Straße 51, 71522 Backnang',	21,	3),
(893,	151311,	'2024-08-20',	'2024-08-20',	'2024-08-20 20:30:00',	'2024-08-20 22:00:00',	'Theodor-Körner-Straße 51, 71522 Backnang',	21,	3),
(894,	3000101,	'2024-08-21',	'2024-08-21',	'2024-08-21 21:00:00',	'2024-08-21 22:00:00',	'Theodor-Körner-Straße 51, 71522 Backnang',	21,	3),
(895,	3000102,	'2024-08-22',	'2024-08-22',	'2024-08-22 21:00:00',	'2024-08-22 22:00:00',	'Theodor-Körner-Straße 51, 71522 Backnang',	21,	3),
(896,	3000103,	'2024-08-23',	'2024-08-23',	'2024-08-23 21:30:00',	'2024-08-23 22:00:00',	'Theodor-Körner-Straße 51, 71522 Backnang',	21,	3),
(897,	3000104,	'2024-08-26',	'2024-08-26',	'2024-08-26 21:15:00',	'2024-08-26 22:00:00',	'Theodor-Körner-Straße 51, 71522 Backnang',	21,	3),
(898,	3000105,	'2024-08-28',	'2024-08-28',	'2024-08-28 21:30:00',	'2024-08-28 22:00:00',	'Theodor-Körner-Straße 51, 71522 Backnang',	21,	3),
(899,	3000201,	'2024-08-29',	'2024-08-29',	'2024-08-29 21:30:00',	'2024-08-29 22:00:00',	'Theodor-Körner-Straße 51, 71522 Backnang',	21,	3),
(900,	3000202,	'2024-08-30',	'2024-08-30',	'2024-08-30 20:30:00',	'2024-08-30 22:00:00',	'Theodor-Körner-Straße 51, 71522 Backnang',	21,	3),
(901,	3000203,	'2024-09-02',	'2024-09-02',	'2024-09-02 20:00:00',	'2024-09-02 22:00:00',	'Theodor-Körner-Straße 51, 71522 Backnang',	21,	3),
(902,	3000204,	'2024-09-03',	'2024-09-03',	'2024-09-03 20:30:00',	'2024-09-03 22:00:00',	'Theodor-Körner-Straße 51, 71522 Backnang',	21,	3),
(903,	3000301,	'2024-09-04',	'2024-09-04',	'2024-09-04 21:15:00',	'2024-09-04 22:00:00',	'Theodor-Körner-Straße 51, 71522 Backnang',	21,	3),
(904,	3000401,	'2024-09-05',	'2024-09-05',	'2024-09-05 21:15:00',	'2024-09-05 22:00:00',	'Theodor-Körner-Straße 51, 71522 Backnang',	21,	3),
(905,	3000402,	'2024-09-06',	'2024-09-06',	'2024-09-06 21:15:00',	'2024-09-06 22:00:00',	'Theodor-Körner-Straße 51, 71522 Backnang',	21,	3),
(906,	3000501,	'2024-09-09',	'2024-09-09',	'2024-09-09 21:15:00',	'2024-09-09 22:00:00',	'Theodor-Körner-Straße 51, 71522 Backnang',	21,	3),
(907,	3000502,	'2024-09-10',	'2024-09-10',	'2024-09-10 20:30:00',	'2024-09-10 22:00:00',	'Theodor-Körner-Straße 51, 71522 Backnang',	21,	3),
(908,	3000503,	'2024-09-11',	'2024-09-11',	'2024-09-11 21:15:00',	'2024-09-11 22:00:00',	'Theodor-Körner-Straße 51, 71522 Backnang',	21,	3),
(909,	3000601,	'2024-09-12',	'2024-09-12',	'2024-09-12 21:30:00',	'2024-09-12 22:00:00',	'Theodor-Körner-Straße 51, 71522 Backnang',	21,	3),
(910,	3000602,	'2024-09-13',	'2024-09-13',	'2024-09-13 20:30:00',	'2024-09-13 22:00:00',	'Theodor-Körner-Straße 51, 71522 Backnang',	21,	3),
(911,	3000701,	'2024-09-16',	'2024-09-16',	'2024-09-16 21:15:00',	'2024-09-16 22:00:00',	'Theodor-Körner-Straße 51, 71522 Backnang',	21,	3),
(912,	3000702,	'2024-09-17',	'2024-09-17',	'2024-09-17 21:30:00',	'2024-09-17 22:00:00',	'Theodor-Körner-Straße 51, 71522 Backnang',	21,	3),
(913,	3000801,	'2024-09-19',	'2024-09-19',	'2024-09-19 21:15:00',	'2024-09-19 22:00:00',	'Theodor-Körner-Straße 51, 71522 Backnang',	21,	3),
(914,	3000901,	'2024-09-20',	'2024-09-20',	'2024-09-20 21:15:00',	'2024-09-20 22:00:00',	'Theodor-Körner-Straße 51, 71522 Backnang',	21,	3),
(915,	3000902,	'2024-09-23',	'2024-09-23',	'2024-09-23 20:00:00',	'2024-09-23 22:00:00',	'Theodor-Körner-Straße 51, 71522 Backnang',	21,	3),
(916,	3001001,	'2024-09-24',	'2024-09-24',	'2024-09-24 21:30:00',	'2024-09-24 22:00:00',	'Theodor-Körner-Straße 51, 71522 Backnang',	21,	3),
(917,	3001002,	'2024-09-25',	'2024-09-25',	'2024-09-25 21:30:00',	'2024-09-25 22:00:00',	'Theodor-Körner-Straße 51, 71522 Backnang',	21,	3),
(918,	3001003,	'2024-09-26',	'2024-09-26',	'2024-09-26 21:30:00',	'2024-09-26 22:00:00',	'Theodor-Körner-Straße 51, 71522 Backnang',	21,	3),
(919,	3001004,	'2024-09-27',	'2024-09-27',	'2024-09-27 21:15:00',	'2024-09-27 22:00:00',	'Theodor-Körner-Straße 51, 71522 Backnang',	21,	3),
(920,	3001005,	'2024-09-30',	'2024-09-30',	'2024-09-30 21:45:00',	'2024-09-30 22:00:00',	'Theodor-Körner-Straße 51, 71522 Backnang',	21,	3),
(921,	3001101,	'2024-10-01',	'2024-10-01',	'2024-10-01 21:30:00',	'2024-10-01 22:00:00',	'Theodor-Körner-Straße 51, 71522 Backnang',	21,	3),
(922,	3001102,	'2024-10-02',	'2024-10-02',	'2024-10-02 21:15:00',	'2024-10-02 22:00:00',	'Theodor-Körner-Straße 51, 71522 Backnang',	21,	3),
(923,	3001103,	'2024-10-03',	'2024-10-03',	'2024-10-03 21:30:00',	'2024-10-03 22:00:00',	'Theodor-Körner-Straße 51, 71522 Backnang',	21,	3),
(924,	3001201,	'2024-10-04',	'2024-10-04',	'2024-10-04 21:00:00',	'2024-10-04 22:00:00',	'Theodor-Körner-Straße 51, 71522 Backnang',	21,	3),
(925,	3001202,	'2024-10-07',	'2024-10-07',	'2024-10-07 20:00:00',	'2024-10-07 22:00:00',	'Theodor-Körner-Straße 51, 71522 Backnang',	21,	3),
(926,	3001203,	'2024-10-08',	'2024-10-08',	'2024-10-08 18:30:00',	'2024-10-08 22:00:00',	'Theodor-Körner-Straße 51, 71522 Backnang',	21,	3),
(927,	3001301,	'2024-10-09',	'2024-10-09',	'2024-10-09 21:00:00',	'2024-10-09 22:00:00',	'Theodor-Körner-Straße 51, 71522 Backnang',	21,	3),
(928,	3001302,	'2024-10-11',	'2024-10-11',	'2024-10-11 20:00:00',	'2024-10-11 22:00:00',	'Theodor-Körner-Straße 51, 71522 Backnang',	21,	3),
(929,	3001303,	'2024-10-14',	'2024-10-14',	'2024-10-14 17:00:00',	'2024-10-14 22:00:00',	'Theodor-Körner-Straße 51, 71522 Backnang',	21,	3),
(930,	3001401,	'2024-10-15',	'2024-10-15',	'2024-10-15 20:30:00',	'2024-10-15 22:00:00',	'Theodor-Körner-Straße 51, 71522 Backnang',	21,	3),
(931,	3001402,	'2024-10-16',	'2024-10-16',	'2024-10-16 19:00:00',	'2024-10-16 22:00:00',	'Theodor-Körner-Straße 51, 71522 Backnang',	21,	3),
(932,	3001403,	'2024-10-17',	'2024-10-17',	'2024-10-17 13:00:00',	'2024-10-17 22:00:00',	'Theodor-Körner-Straße 51, 71522 Backnang',	21,	3),
(933,	3001501,	'2024-10-18',	'2024-10-18',	'2024-10-18 20:30:00',	'2024-10-18 22:00:00',	'Theodor-Körner-Straße 51, 71522 Backnang',	21,	3),
(934,	3001502,	'2024-10-21',	'2024-10-21',	'2024-10-21 20:00:00',	'2024-10-21 22:00:00',	'Theodor-Körner-Straße 51, 71522 Backnang',	21,	3),
(935,	3001601,	'2024-10-22',	'2024-10-22',	'2024-10-22 21:00:00',	'2024-10-22 22:00:00',	'Theodor-Körner-Straße 51, 71522 Backnang',	21,	3),
(936,	3001602,	'2024-10-23',	'2024-10-23',	'2024-10-23 20:30:00',	'2024-10-23 22:00:00',	'Theodor-Körner-Straße 51, 71522 Backnang',	21,	3),
(937,	3001701,	'2024-10-24',	'2024-10-24',	'2024-10-24 20:00:00',	'2024-10-24 22:00:00',	'Theodor-Körner-Straße 51, 71522 Backnang',	21,	3),
(938,	3001702,	'2024-10-25',	'2024-10-25',	'2024-10-25 17:00:00',	'2024-10-25 22:00:00',	'Theodor-Körner-Straße 51, 71522 Backnang',	21,	3),
(939,	3001703,	'2024-10-28',	'2024-10-28',	'2024-10-28 21:30:00',	'2024-10-28 22:00:00',	'Theodor-Körner-Straße 51, 71522 Backnang',	21,	3),
(940,	3001801,	'2024-10-29',	'2024-10-29',	'2024-10-29 21:00:00',	'2024-10-29 22:00:00',	'Theodor-Körner-Straße 51, 71522 Backnang',	21,	3),
(941,	3001802,	'2024-10-30',	'2024-10-30',	'2024-10-30 18:00:00',	'2024-10-30 22:00:00',	'Theodor-Körner-Straße 51, 71522 Backnang',	21,	3),
(942,	3001901,	'2024-11-01',	'2024-11-01',	'2024-11-01 18:00:00',	'2024-11-01 22:00:00',	'Theodor-Körner-Straße 51, 71522 Backnang',	21,	3),
(943,	3002001,	'2024-11-04',	'2024-11-04',	'2024-11-04 20:00:00',	'2024-11-04 22:00:00',	'Theodor-Körner-Straße 51, 71522 Backnang',	21,	3),
(944,	3002101,	'2024-11-05',	'2024-11-05',	'2024-11-05 21:30:00',	'2024-11-05 22:00:00',	'Theodor-Körner-Straße 51, 71522 Backnang',	21,	3),
(945,	3002102,	'2024-11-06',	'2024-11-06',	'2024-11-06 21:30:00',	'2024-11-06 22:00:00',	'Theodor-Körner-Straße 51, 71522 Backnang',	21,	3),
(946,	3002201,	'2024-11-07',	'2024-11-07',	'2024-11-07 20:00:00',	'2024-11-07 22:00:00',	'Theodor-Körner-Straße 51, 71522 Backnang',	21,	3),
(947,	3002202,	'2024-11-08',	'2024-11-08',	'2024-11-08 19:00:00',	'2024-11-08 22:00:00',	'Theodor-Körner-Straße 51, 71522 Backnang',	21,	3),
(948,	3002301,	'2024-11-11',	'2024-11-11',	'2024-11-11 21:00:00',	'2024-11-11 22:00:00',	'Theodor-Körner-Straße 51, 71522 Backnang',	21,	3),
(949,	3002302,	'2024-11-12',	'2024-11-12',	'2024-11-12 21:00:00',	'2024-11-12 22:00:00',	'Theodor-Körner-Straße 51, 71522 Backnang',	21,	3),
(950,	3002401,	'2024-11-13',	'2024-11-13',	'2024-11-13 21:15:00',	'2024-11-13 22:00:00',	'Theodor-Körner-Straße 51, 71522 Backnang',	21,	3),
(951,	3002402,	'2024-11-14',	'2024-11-14',	'2024-11-14 21:15:00',	'2024-11-14 22:00:00',	'Theodor-Körner-Straße 51, 71522 Backnang',	21,	3),
(952,	3002403,	'2024-11-15',	'2024-11-15',	'2024-11-15 20:00:00',	'2024-11-15 22:00:00',	'Theodor-Körner-Straße 51, 71522 Backnang',	21,	3),
(953,	3002404,	'2024-11-18',	'2024-11-18',	'2024-11-18 18:30:00',	'2024-11-18 22:00:00',	'Theodor-Körner-Straße 51, 71522 Backnang',	21,	3),
(954,	3002405,	'2024-11-19',	'2024-11-19',	'2024-11-19 18:30:00',	'2024-11-19 22:00:00',	'Theodor-Körner-Straße 51, 71522 Backnang',	21,	3),
(955,	3002406,	'2024-11-20',	'2024-11-20',	'2024-11-20 19:30:00',	'2024-11-20 22:00:00',	'Theodor-Körner-Straße 51, 71522 Backnang',	21,	3),
(956,	3002407,	'2024-11-21',	'2024-11-21',	'2024-11-21 19:30:00',	'2024-11-21 22:00:00',	'Theodor-Körner-Straße 51, 71522 Backnang',	21,	3),
(957,	3002408,	'2024-11-25',	'2024-11-25',	'2024-11-25 20:00:00',	'2024-11-25 22:00:00',	'Theodor-Körner-Straße 51, 71522 Backnang',	21,	3),
(958,	3002409,	'2024-11-26',	'2024-11-26',	'2024-11-26 20:00:00',	'2024-11-26 22:00:00',	'Theodor-Körner-Straße 51, 71522 Backnang',	21,	3),
(959,	3002501,	'2024-11-27',	'2024-11-27',	'2024-11-27 21:00:00',	'2024-11-27 22:00:00',	'Theodor-Körner-Straße 51, 71522 Backnang',	21,	3),
(960,	3002502,	'2024-11-28',	'2024-11-28',	'2024-11-28 21:00:00',	'2024-11-28 22:00:00',	'Theodor-Körner-Straße 51, 71522 Backnang',	21,	3),
(961,	3002503,	'2024-11-29',	'2024-11-29',	'2024-11-29 18:00:00',	'2024-11-29 22:00:00',	'Theodor-Körner-Straße 51, 71522 Backnang',	21,	3),
(962,	3002504,	'2024-12-02',	'2024-12-02',	'2024-12-02 18:00:00',	'2024-12-02 22:00:00',	'Theodor-Körner-Straße 51, 71522 Backnang',	21,	3),
(963,	3002505,	'2024-12-03',	'2024-12-03',	'2024-12-03 19:00:00',	'2024-12-03 22:00:00',	'Theodor-Körner-Straße 51, 71522 Backnang',	21,	3),
(964,	3002506,	'2024-12-04',	'2024-12-04',	'2024-12-04 17:00:00',	'2024-12-04 22:00:00',	'Theodor-Körner-Straße 51, 71522 Backnang',	21,	3),
(965,	3002601,	'2024-12-05',	'2024-12-05',	'2024-12-05 20:30:00',	'2024-12-05 22:00:00',	'Theodor-Körner-Straße 51, 71522 Backnang',	21,	3),
(966,	3002602,	'2024-12-06',	'2024-12-06',	'2024-12-06 20:30:00',	'2024-12-06 22:00:00',	'Theodor-Körner-Straße 51, 71522 Backnang',	21,	3),
(967,	3002603,	'2024-12-09',	'2024-12-09',	'2024-12-09 15:30:00',	'2024-12-09 22:00:00',	'Theodor-Körner-Straße 51, 71522 Backnang',	21,	3),
(968,	3002604,	'2024-12-10',	'2024-12-10',	'2024-12-10 14:00:00',	'2024-12-10 22:00:00',	'Theodor-Körner-Straße 51, 71522 Backnang',	21,	3),
(969,	3002605,	'2024-12-11',	'2024-12-11',	'2024-12-11 19:00:00',	'2024-12-11 22:00:00',	'Theodor-Körner-Straße 51, 71522 Backnang',	21,	3),
(970,	3002701,	'2024-12-12',	'2024-12-12',	'2024-12-12 21:00:00',	'2024-12-12 22:00:00',	'Theodor-Körner-Straße 51, 71522 Backnang',	21,	3),
(971,	3002702,	'2024-12-16',	'2024-12-16',	'2024-12-16 21:00:00',	'2024-12-16 22:00:00',	'Theodor-Körner-Straße 51, 71522 Backnang',	21,	3),
(972,	3200101,	'2024-08-21',	'2024-08-21',	'2024-08-21 21:00:00',	'2024-08-21 22:00:00',	'Theodor-Körner-Straße 51, 71522 Backnang',	21,	3),
(973,	3200102,	'2024-08-22',	'2024-08-22',	'2024-08-22 21:00:00',	'2024-08-22 22:00:00',	'Theodor-Körner-Straße 51, 71522 Backnang',	21,	3),
(974,	3200103,	'2024-08-23',	'2024-08-23',	'2024-08-23 21:00:00',	'2024-08-23 22:00:00',	'Theodor-Körner-Straße 51, 71522 Backnang',	21,	3),
(975,	3200104,	'2024-08-26',	'2024-08-26',	'2024-08-26 21:15:00',	'2024-08-26 22:00:00',	'Theodor-Körner-Straße 51, 71522 Backnang',	21,	3),
(976,	3200105,	'2024-08-28',	'2024-08-28',	'2024-08-28 21:30:00',	'2024-08-28 22:00:00',	'Theodor-Körner-Straße 51, 71522 Backnang',	21,	3),
(977,	3200201,	'2024-08-29',	'2024-08-29',	'2024-08-29 21:30:00',	'2024-08-29 22:00:00',	'Theodor-Körner-Straße 51, 71522 Backnang',	21,	3),
(978,	3200202,	'2024-08-30',	'2024-08-30',	'2024-08-30 21:00:00',	'2024-08-30 22:00:00',	'Theodor-Körner-Straße 51, 71522 Backnang',	21,	3),
(979,	3200203,	'2024-09-02',	'2024-09-02',	'2024-09-02 19:15:00',	'2024-09-02 22:00:00',	'Theodor-Körner-Straße 51, 71522 Backnang',	21,	3),
(980,	3200204,	'2024-09-03',	'2024-09-03',	'2024-09-03 21:00:00',	'2024-09-03 22:00:00',	'Theodor-Körner-Straße 51, 71522 Backnang',	21,	3),
(981,	3200301,	'2024-09-04',	'2024-09-04',	'2024-09-04 21:15:00',	'2024-09-04 22:00:00',	'Theodor-Körner-Straße 51, 71522 Backnang',	21,	3),
(982,	3200401,	'2024-09-05',	'2024-09-05',	'2024-09-05 21:15:00',	'2024-09-05 22:00:00',	'Theodor-Körner-Straße 51, 71522 Backnang',	21,	3),
(983,	3200402,	'2024-09-06',	'2024-09-06',	'2024-09-06 21:30:00',	'2024-09-06 22:00:00',	'Theodor-Körner-Straße 51, 71522 Backnang',	21,	3),
(984,	3200501,	'2024-09-09',	'2024-09-09',	'2024-09-09 21:00:00',	'2024-09-09 22:00:00',	'Theodor-Körner-Straße 51, 71522 Backnang',	21,	3),
(985,	3200502,	'2024-09-10',	'2024-09-10',	'2024-09-10 20:00:00',	'2024-09-10 22:00:00',	'Theodor-Körner-Straße 51, 71522 Backnang',	21,	3),
(986,	3200503,	'2024-09-11',	'2024-09-11',	'2024-09-11 20:00:00',	'2024-09-11 22:00:00',	'Theodor-Körner-Straße 51, 71522 Backnang',	21,	3),
(987,	3200601,	'2024-09-12',	'2024-09-12',	'2024-09-12 21:45:00',	'2024-09-12 22:00:00',	'Theodor-Körner-Straße 51, 71522 Backnang',	21,	3),
(988,	3200602,	'2024-09-16',	'2024-09-16',	'2024-09-16 21:00:00',	'2024-09-16 22:00:00',	'Theodor-Körner-Straße 51, 71522 Backnang',	21,	3),
(989,	3200701,	'2024-09-17',	'2024-09-17',	'2024-09-17 21:45:00',	'2024-09-17 22:00:00',	'Theodor-Körner-Straße 51, 71522 Backnang',	21,	3),
(990,	3200702,	'2024-09-18',	'2024-09-18',	'2024-09-18 21:45:00',	'2024-09-18 22:00:00',	'Theodor-Körner-Straße 51, 71522 Backnang',	21,	3),
(991,	3200703,	'2024-09-19',	'2024-09-19',	'2024-09-19 21:45:00',	'2024-09-19 22:00:00',	'Theodor-Körner-Straße 51, 71522 Backnang',	21,	3),
(992,	3200704,	'2024-09-20',	'2024-09-20',	'2024-09-20 21:15:00',	'2024-09-20 22:00:00',	'Theodor-Körner-Straße 51, 71522 Backnang',	21,	3),
(993,	3200801,	'2024-09-23',	'2024-09-23',	'2024-09-23 21:30:00',	'2024-09-23 22:00:00',	'Theodor-Körner-Straße 51, 71522 Backnang',	21,	3),
(994,	3200901,	'2024-09-24',	'2024-09-24',	'2024-09-24 21:15:00',	'2024-09-24 22:00:00',	'Theodor-Körner-Straße 51, 71522 Backnang',	21,	3),
(995,	3200902,	'2024-09-25',	'2024-09-25',	'2024-09-25 21:30:00',	'2024-09-25 22:00:00',	'Theodor-Körner-Straße 51, 71522 Backnang',	21,	3),
(996,	3201001,	'2024-09-26',	'2024-09-26',	'2024-09-26 21:15:00',	'2024-09-26 22:00:00',	'Theodor-Körner-Straße 51, 71522 Backnang',	21,	3),
(997,	3201101,	'2024-09-27',	'2024-09-27',	'2024-09-27 21:15:00',	'2024-09-27 22:00:00',	'Theodor-Körner-Straße 51, 71522 Backnang',	21,	3),
(998,	3201102,	'2024-09-30',	'2024-09-30',	'2024-09-30 20:00:00',	'2024-09-30 22:00:00',	'Theodor-Körner-Straße 51, 71522 Backnang',	21,	3),
(999,	3201201,	'2024-10-01',	'2024-10-01',	'2024-10-01 21:30:00',	'2024-10-01 22:00:00',	'Theodor-Körner-Straße 51, 71522 Backnang',	21,	3),
(1000,	3201202,	'2024-10-03',	'2024-10-03',	'2024-10-03 21:30:00',	'2024-10-03 22:00:00',	'Theodor-Körner-Straße 51, 71522 Backnang',	21,	3),
(1001,	3201203,	'2024-10-04',	'2024-10-04',	'2024-10-04 21:30:00',	'2024-10-04 22:00:00',	'Theodor-Körner-Straße 51, 71522 Backnang',	21,	3),
(1002,	3201204,	'2024-10-07',	'2024-10-07',	'2024-10-07 21:15:00',	'2024-10-07 22:00:00',	'Theodor-Körner-Straße 51, 71522 Backnang',	21,	3),
(1003,	3201205,	'2024-10-08',	'2024-10-08',	'2024-10-08 21:45:00',	'2024-10-08 22:00:00',	'Theodor-Körner-Straße 51, 71522 Backnang',	21,	3),
(1004,	3201301,	'2024-10-09',	'2024-10-09',	'2024-10-09 21:30:00',	'2024-10-09 22:00:00',	'Theodor-Körner-Straße 51, 71522 Backnang',	21,	3),
(1005,	3201302,	'2024-10-10',	'2024-10-10',	'2024-10-10 21:15:00',	'2024-10-10 22:00:00',	'Theodor-Körner-Straße 51, 71522 Backnang',	21,	3),
(1006,	3201303,	'2024-10-11',	'2024-10-11',	'2024-10-11 21:30:00',	'2024-10-11 22:00:00',	'Theodor-Körner-Straße 51, 71522 Backnang',	21,	3),
(1007,	3201401,	'2024-10-14',	'2024-10-14',	'2024-10-14 21:00:00',	'2024-10-14 22:00:00',	'Theodor-Körner-Straße 51, 71522 Backnang',	21,	3),
(1008,	3201402,	'2024-10-15',	'2024-10-15',	'2024-10-15 20:15:00',	'2024-10-15 22:00:00',	'Theodor-Körner-Straße 51, 71522 Backnang',	21,	3),
(1009,	3201501,	'2024-10-16',	'2024-10-16',	'2024-10-16 21:00:00',	'2024-10-16 22:00:00',	'Theodor-Körner-Straße 51, 71522 Backnang',	21,	3),
(1010,	3201502,	'2024-10-17',	'2024-10-17',	'2024-10-17 20:00:00',	'2024-10-17 22:00:00',	'Theodor-Körner-Straße 51, 71522 Backnang',	21,	3),
(1011,	3201503,	'2024-10-18',	'2024-10-18',	'2024-10-18 17:00:00',	'2024-10-18 22:00:00',	'Theodor-Körner-Straße 51, 71522 Backnang',	21,	3),
(1012,	3201601,	'2024-10-22',	'2024-10-22',	'2024-10-22 20:30:00',	'2024-10-22 22:00:00',	'Theodor-Körner-Straße 51, 71522 Backnang',	21,	3),
(1013,	3201602,	'2024-10-23',	'2024-10-23',	'2024-10-23 20:00:00',	'2024-10-23 22:00:00',	'Theodor-Körner-Straße 51, 71522 Backnang',	21,	3),
(1014,	3201701,	'2024-10-24',	'2024-10-24',	'2024-10-24 21:00:00',	'2024-10-24 22:00:00',	'Theodor-Körner-Straße 51, 71522 Backnang',	21,	3),
(1015,	3201702,	'2024-10-25',	'2024-10-25',	'2024-10-25 20:30:00',	'2024-10-25 22:00:00',	'Theodor-Körner-Straße 51, 71522 Backnang',	21,	3),
(1016,	3201801,	'2024-10-28',	'2024-10-28',	'2024-10-28 20:00:00',	'2024-10-28 22:00:00',	'Theodor-Körner-Straße 51, 71522 Backnang',	21,	3),
(1017,	3201802,	'2024-10-29',	'2024-10-29',	'2024-10-29 17:00:00',	'2024-10-29 22:00:00',	'Theodor-Körner-Straße 51, 71522 Backnang',	21,	3),
(1018,	3201803,	'2024-10-30',	'2024-10-30',	'2024-10-30 21:30:00',	'2024-10-30 22:00:00',	'Theodor-Körner-Straße 51, 71522 Backnang',	21,	3),
(1019,	3201901,	'2024-10-31',	'2024-10-31',	'2024-10-31 21:00:00',	'2024-10-31 22:00:00',	'Theodor-Körner-Straße 51, 71522 Backnang',	21,	3),
(1020,	3201902,	'2024-11-01',	'2024-11-01',	'2024-11-01 19:00:00',	'2024-11-01 22:00:00',	'Theodor-Körner-Straße 51, 71522 Backnang',	21,	3),
(1021,	3202001,	'2024-11-04',	'2024-11-04',	'2024-11-04 18:00:00',	'2024-11-04 22:00:00',	'Theodor-Körner-Straße 51, 71522 Backnang',	21,	3),
(1022,	3202101,	'2024-11-05',	'2024-11-05',	'2024-11-05 19:00:00',	'2024-11-05 22:00:00',	'Theodor-Körner-Straße 51, 71522 Backnang',	21,	3),
(1023,	3202201,	'2024-11-06',	'2024-11-06',	'2024-11-06 21:00:00',	'2024-11-06 22:00:00',	'Theodor-Körner-Straße 51, 71522 Backnang',	21,	3),
(1024,	3202202,	'2024-11-08',	'2024-11-08',	'2024-11-08 21:00:00',	'2024-11-08 22:00:00',	'Theodor-Körner-Straße 51, 71522 Backnang',	21,	3),
(1025,	3202301,	'2024-11-11',	'2024-11-11',	'2024-11-11 21:15:00',	'2024-11-11 22:00:00',	'Theodor-Körner-Straße 51, 71522 Backnang',	21,	3),
(1026,	3202302,	'2024-11-12',	'2024-11-12',	'2024-11-12 21:15:00',	'2024-11-12 22:00:00',	'Theodor-Körner-Straße 51, 71522 Backnang',	21,	3),
(1027,	3202401,	'2024-11-13',	'2024-11-13',	'2024-11-13 20:00:00',	'2024-11-13 22:00:00',	'Theodor-Körner-Straße 51, 71522 Backnang',	21,	3),
(1028,	3202402,	'2024-11-14',	'2024-11-14',	'2024-11-14 19:00:00',	'2024-11-14 22:00:00',	'Theodor-Körner-Straße 51, 71522 Backnang',	21,	3),
(1029,	3202501,	'2024-11-15',	'2024-11-15',	'2024-11-15 21:00:00',	'2024-11-15 22:00:00',	'Theodor-Körner-Straße 51, 71522 Backnang',	21,	3),
(1030,	3202502,	'2024-11-18',	'2024-11-18',	'2024-11-18 21:00:00',	'2024-11-18 22:00:00',	'Theodor-Körner-Straße 51, 71522 Backnang',	21,	3),
(1031,	3202601,	'2024-11-19',	'2024-11-19',	'2024-11-19 21:15:00',	'2024-11-19 22:00:00',	'Theodor-Körner-Straße 51, 71522 Backnang',	21,	3),
(1032,	3202602,	'2024-11-20',	'2024-11-20',	'2024-11-20 21:15:00',	'2024-11-20 22:00:00',	'Theodor-Körner-Straße 51, 71522 Backnang',	21,	3),
(1033,	3202603,	'2024-11-21',	'2024-11-21',	'2024-11-21 20:00:00',	'2024-11-21 22:00:00',	'Theodor-Körner-Straße 51, 71522 Backnang',	21,	3),
(1034,	3202604,	'2024-11-22',	'2024-11-22',	'2024-11-22 18:30:00',	'2024-11-22 22:00:00',	'Theodor-Körner-Straße 51, 71522 Backnang',	21,	3),
(1035,	3202605,	'2024-11-25',	'2024-11-25',	'2024-11-25 18:30:00',	'2024-11-25 22:00:00',	'Theodor-Körner-Straße 51, 71522 Backnang',	21,	3),
(1036,	3202606,	'2024-11-27',	'2024-11-27',	'2024-11-27 19:30:00',	'2024-11-27 22:00:00',	'Theodor-Körner-Straße 51, 71522 Backnang',	21,	3),
(1037,	3202607,	'2024-11-28',	'2024-11-28',	'2024-11-28 19:30:00',	'2024-11-28 22:00:00',	'Theodor-Körner-Straße 51, 71522 Backnang',	21,	3),
(1038,	3202608,	'2024-11-29',	'2024-11-29',	'2024-11-29 20:00:00',	'2024-11-29 22:00:00',	'Theodor-Körner-Straße 51, 71522 Backnang',	21,	3),
(1039,	3202609,	'2024-12-02',	'2024-12-02',	'2024-12-02 20:00:00',	'2024-12-02 22:00:00',	'Theodor-Körner-Straße 51, 71522 Backnang',	21,	3),
(1040,	3202701,	'2024-12-03',	'2024-12-03',	'2024-12-03 20:30:00',	'2024-12-03 22:00:00',	'Theodor-Körner-Straße 51, 71522 Backnang',	21,	3),
(1041,	3202702,	'2024-12-04',	'2024-12-04',	'2024-12-04 20:30:00',	'2024-12-04 22:00:00',	'Theodor-Körner-Straße 51, 71522 Backnang',	21,	3),
(1042,	3202703,	'2024-12-05',	'2024-12-05',	'2024-12-05 15:30:00',	'2024-12-05 22:00:00',	'Theodor-Körner-Straße 51, 71522 Backnang',	21,	3),
(1043,	3202704,	'2024-12-06',	'2024-12-06',	'2024-12-06 14:00:00',	'2024-12-06 22:00:00',	'Theodor-Körner-Straße 51, 71522 Backnang',	21,	3),
(1044,	3202705,	'2024-12-09',	'2024-12-09',	'2024-12-09 19:00:00',	'2024-12-09 22:00:00',	'Theodor-Körner-Straße 51, 71522 Backnang',	21,	3),
(1045,	3202801,	'2024-12-10',	'2024-12-10',	'2024-12-10 20:30:00',	'2024-12-10 22:00:00',	'Theodor-Körner-Straße 51, 71522 Backnang',	21,	3),
(1046,	3202802,	'2024-12-11',	'2024-12-11',	'2024-12-11 18:00:00',	'2024-12-11 22:00:00',	'Theodor-Körner-Straße 51, 71522 Backnang',	21,	3),
(1047,	3202901,	'2024-12-12',	'2024-12-12',	'2024-12-12 21:00:00',	'2024-12-12 22:00:00',	'Theodor-Körner-Straße 51, 71522 Backnang',	21,	3),
(1048,	3202902,	'2024-12-16',	'2024-12-16',	'2024-12-16 21:00:00',	'2024-12-16 22:00:00',	'Theodor-Körner-Straße 51, 71522 Backnang',	21,	3),
(1049,	330101,	'2024-08-26',	'2024-08-26',	'2024-08-26 21:00:00',	'2024-08-26 22:00:00',	'Theodor-Körner-Straße 51, 71522 Backnang',	21,	3),
(1050,	330102,	'2024-08-29',	'2024-08-29',	'2024-08-29 21:00:00',	'2024-08-29 22:00:00',	'Theodor-Körner-Straße 51, 71522 Backnang',	21,	3),
(1051,	330103,	'2024-09-03',	'2024-09-03',	'2024-09-03 21:15:00',	'2024-09-03 22:00:00',	'Theodor-Körner-Straße 51, 71522 Backnang',	21,	3),
(1052,	330104,	'2024-09-09',	'2024-09-09',	'2024-09-09 21:15:00',	'2024-09-09 22:00:00',	'Theodor-Körner-Straße 51, 71522 Backnang',	21,	3),
(1053,	330105,	'2024-09-12',	'2024-09-12',	'2024-09-12 21:30:00',	'2024-09-12 22:00:00',	'Theodor-Körner-Straße 51, 71522 Backnang',	21,	3),
(1054,	330201,	'2024-09-17',	'2024-09-17',	'2024-09-17 21:00:00',	'2024-09-17 22:00:00',	'Theodor-Körner-Straße 51, 71522 Backnang',	21,	3),
(1055,	330202,	'2024-09-23',	'2024-09-23',	'2024-09-23 21:00:00',	'2024-09-23 22:00:00',	'Theodor-Körner-Straße 51, 71522 Backnang',	21,	3),
(1056,	330203,	'2024-09-26',	'2024-09-26',	'2024-09-26 21:00:00',	'2024-09-26 22:00:00',	'Theodor-Körner-Straße 51, 71522 Backnang',	21,	3),
(1057,	330204,	'2024-10-01',	'2024-10-01',	'2024-10-01 21:00:00',	'2024-10-01 22:00:00',	'Theodor-Körner-Straße 51, 71522 Backnang',	21,	3),
(1058,	330301,	'2024-10-07',	'2024-10-07',	'2024-10-07 20:30:00',	'2024-10-07 22:00:00',	'Theodor-Körner-Straße 51, 71522 Backnang',	21,	3),
(1059,	330302,	'2024-10-10',	'2024-10-10',	'2024-10-10 21:30:00',	'2024-10-10 22:00:00',	'Theodor-Körner-Straße 51, 71522 Backnang',	21,	3),
(1060,	330401,	'2024-10-15',	'2024-10-15',	'2024-10-15 21:15:00',	'2024-10-15 22:00:00',	'Theodor-Körner-Straße 51, 71522 Backnang',	21,	3),
(1061,	330402,	'2024-10-21',	'2024-10-21',	'2024-10-21 21:15:00',	'2024-10-21 22:00:00',	'Theodor-Körner-Straße 51, 71522 Backnang',	21,	3),
(1062,	330501,	'2024-10-24',	'2024-10-24',	'2024-10-24 21:00:00',	'2024-10-24 22:00:00',	'Theodor-Körner-Straße 51, 71522 Backnang',	21,	3),
(1063,	330502,	'2024-10-29',	'2024-10-29',	'2024-10-29 20:00:00',	'2024-10-29 22:00:00',	'Theodor-Körner-Straße 51, 71522 Backnang',	21,	3),
(1064,	330503,	'2024-11-04',	'2024-11-04',	'2024-11-04 21:00:00',	'2024-11-04 22:00:00',	'Theodor-Körner-Straße 51, 71522 Backnang',	21,	3),
(1065,	330601,	'2024-11-07',	'2024-11-07',	'2024-11-07 20:30:00',	'2024-11-07 22:00:00',	'Theodor-Körner-Straße 51, 71522 Backnang',	21,	3),
(1066,	330602,	'2024-11-12',	'2024-11-12',	'2024-11-12 19:30:00',	'2024-11-12 22:00:00',	'Theodor-Körner-Straße 51, 71522 Backnang',	21,	3),
(1067,	330603,	'2024-11-18',	'2024-11-18',	'2024-11-18 21:00:00',	'2024-11-18 22:00:00',	'Theodor-Körner-Straße 51, 71522 Backnang',	21,	3),
(1068,	330701,	'2024-11-21',	'2024-11-21',	'2024-11-21 21:30:00',	'2024-11-21 22:00:00',	'Theodor-Körner-Straße 51, 71522 Backnang',	21,	3),
(1069,	330801,	'2024-11-26',	'2024-11-26',	'2024-11-26 21:30:00',	'2024-11-26 22:00:00',	'Theodor-Körner-Straße 51, 71522 Backnang',	21,	3),
(1070,	330802,	'2024-12-02',	'2024-12-02',	'2024-12-02 21:30:00',	'2024-12-02 22:00:00',	'Theodor-Körner-Straße 51, 71522 Backnang',	21,	3),
(1071,	330803,	'2024-12-05',	'2024-12-05',	'2024-12-05 21:30:00',	'2024-12-05 22:00:00',	'Theodor-Körner-Straße 51, 71522 Backnang',	21,	3),
(1072,	330804,	'2024-12-10',	'2024-12-10',	'2024-12-10 21:00:00',	'2024-12-10 22:00:00',	'Theodor-Körner-Straße 51, 71522 Backnang',	21,	3),
(1073,	330901,	'2024-12-16',	'2024-12-16',	'2024-12-16 21:30:00',	'2024-12-16 22:00:00',	'Theodor-Körner-Straße 51, 71522 Backnang',	21,	3),
(1074,	331001,	'2024-08-23',	'2024-08-23',	'2024-08-23 21:30:00',	'2024-08-23 22:00:00',	'Theodor-Körner-Straße 51, 71522 Backnang',	21,	3),
(1075,	331002,	'2024-08-28',	'2024-08-28',	'2024-08-28 21:30:00',	'2024-08-28 22:00:00',	'Theodor-Körner-Straße 51, 71522 Backnang',	21,	3),
(1076,	331003,	'2024-08-30',	'2024-08-30',	'2024-08-30 21:30:00',	'2024-08-30 22:00:00',	'Theodor-Körner-Straße 51, 71522 Backnang',	21,	3),
(1077,	331004,	'2024-09-04',	'2024-09-04',	'2024-09-04 21:30:00',	'2024-09-04 22:00:00',	'Theodor-Körner-Straße 51, 71522 Backnang',	21,	3),
(1078,	331101,	'2024-09-09',	'2024-09-09',	'2024-09-09 21:45:00',	'2024-09-09 22:00:00',	'Theodor-Körner-Straße 51, 71522 Backnang',	21,	3),
(1079,	331102,	'2024-09-11',	'2024-09-11',	'2024-09-11 21:00:00',	'2024-09-11 22:00:00',	'Theodor-Körner-Straße 51, 71522 Backnang',	21,	3),
(1080,	331103,	'2024-09-16',	'2024-09-16',	'2024-09-16 20:30:00',	'2024-09-16 22:00:00',	'Theodor-Körner-Straße 51, 71522 Backnang',	21,	3),
(1081,	331104,	'2024-09-19',	'2024-09-19',	'2024-09-19 20:30:00',	'2024-09-19 22:00:00',	'Theodor-Körner-Straße 51, 71522 Backnang',	21,	3),
(1082,	331201,	'2024-09-23',	'2024-09-23',	'2024-09-23 21:30:00',	'2024-09-23 22:00:00',	'Theodor-Körner-Straße 51, 71522 Backnang',	21,	3),
(1083,	331202,	'2024-09-26',	'2024-09-26',	'2024-09-26 20:30:00',	'2024-09-26 22:00:00',	'Theodor-Körner-Straße 51, 71522 Backnang',	21,	3),
(1084,	331301,	'2024-10-01',	'2024-10-01',	'2024-10-01 20:30:00',	'2024-10-01 22:00:00',	'Theodor-Körner-Straße 51, 71522 Backnang',	21,	3),
(1085,	331302,	'2024-10-03',	'2024-10-03',	'2024-10-03 20:00:00',	'2024-10-03 22:00:00',	'Theodor-Körner-Straße 51, 71522 Backnang',	21,	3),
(1086,	331303,	'2024-10-08',	'2024-10-08',	'2024-10-08 21:15:00',	'2024-10-08 22:00:00',	'Theodor-Körner-Straße 51, 71522 Backnang',	21,	3),
(1087,	331401,	'2024-10-11',	'2024-10-11',	'2024-10-11 21:30:00',	'2024-10-11 22:00:00',	'Theodor-Körner-Straße 51, 71522 Backnang',	21,	3),
(1088,	331402,	'2024-10-15',	'2024-10-15',	'2024-10-15 21:30:00',	'2024-10-15 22:00:00',	'Theodor-Körner-Straße 51, 71522 Backnang',	21,	3),
(1089,	331501,	'2024-10-18',	'2024-10-18',	'2024-10-18 21:00:00',	'2024-10-18 22:00:00',	'Theodor-Körner-Straße 51, 71522 Backnang',	21,	3),
(1090,	331601,	'2024-10-23',	'2024-10-23',	'2024-10-23 21:15:00',	'2024-10-23 22:00:00',	'Theodor-Körner-Straße 51, 71522 Backnang',	21,	3),
(1091,	331602,	'2024-10-28',	'2024-10-28',	'2024-10-28 20:00:00',	'2024-10-28 22:00:00',	'Theodor-Körner-Straße 51, 71522 Backnang',	21,	3),
(1092,	331701,	'2024-10-30',	'2024-10-30',	'2024-10-30 21:30:00',	'2024-10-30 22:00:00',	'Theodor-Körner-Straße 51, 71522 Backnang',	21,	3),
(1093,	331702,	'2024-11-04',	'2024-11-04',	'2024-11-04 21:30:00',	'2024-11-04 22:00:00',	'Theodor-Körner-Straße 51, 71522 Backnang',	21,	3),
(1094,	331703,	'2024-11-07',	'2024-11-07',	'2024-11-07 21:30:00',	'2024-11-07 22:00:00',	'Theodor-Körner-Straße 51, 71522 Backnang',	21,	3),
(1095,	331704,	'2024-11-11',	'2024-11-11',	'2024-11-11 21:15:00',	'2024-11-11 22:00:00',	'Theodor-Körner-Straße 51, 71522 Backnang',	21,	3),
(1096,	331705,	'2024-11-14',	'2024-11-14',	'2024-11-14 21:45:00',	'2024-11-14 22:00:00',	'Theodor-Körner-Straße 51, 71522 Backnang',	21,	3),
(1097,	331801,	'2024-11-19',	'2024-11-19',	'2024-11-19 20:00:00',	'2024-11-19 22:00:00',	'Theodor-Körner-Straße 51, 71522 Backnang',	21,	3),
(1098,	331802,	'2024-11-21',	'2024-11-21',	'2024-11-21 19:00:00',	'2024-11-21 22:00:00',	'Theodor-Körner-Straße 51, 71522 Backnang',	21,	3),
(1099,	331803,	'2024-11-26',	'2024-11-26',	'2024-11-26 21:00:00',	'2024-11-26 22:00:00',	'Theodor-Körner-Straße 51, 71522 Backnang',	21,	3),
(1100,	331804,	'2024-11-29',	'2024-11-29',	'2024-11-29 19:00:00',	'2024-11-29 22:00:00',	'Theodor-Körner-Straße 51, 71522 Backnang',	21,	3),
(1101,	331805,	'2024-12-03',	'2024-12-03',	'2024-12-03 21:30:00',	'2024-12-03 22:00:00',	'Theodor-Körner-Straße 51, 71522 Backnang',	21,	3),
(1102,	331901,	'2024-12-06',	'2024-12-06',	'2024-12-06 21:30:00',	'2024-12-06 22:00:00',	'Theodor-Körner-Straße 51, 71522 Backnang',	21,	3),
(1103,	331902,	'2024-12-11',	'2024-12-11',	'2024-12-11 21:15:00',	'2024-12-11 22:00:00',	'Theodor-Körner-Straße 51, 71522 Backnang',	21,	3),
(1104,	331903,	'2024-12-16',	'2024-12-16',	'2024-12-16 21:30:00',	'2024-12-16 22:00:00',	'Theodor-Körner-Straße 51, 71522 Backnang',	21,	3),
(1105,	332001,	'2024-08-26',	'2024-08-26',	'2024-08-26 21:30:00',	'2024-08-26 22:00:00',	'Theodor-Körner-Straße 51, 71522 Backnang',	21,	3),
(1106,	332002,	'2024-08-29',	'2024-08-29',	'2024-08-29 21:30:00',	'2024-08-29 22:00:00',	'Theodor-Körner-Straße 51, 71522 Backnang',	21,	3),
(1107,	332003,	'2024-09-03',	'2024-09-03',	'2024-09-03 20:00:00',	'2024-09-03 22:00:00',	'Theodor-Körner-Straße 51, 71522 Backnang',	21,	3),
(1108,	332101,	'2024-09-09',	'2024-09-09',	'2024-09-09 21:00:00',	'2024-09-09 22:00:00',	'Theodor-Körner-Straße 51, 71522 Backnang',	21,	3),
(1109,	332102,	'2024-09-12',	'2024-09-12',	'2024-09-12 20:00:00',	'2024-09-12 22:00:00',	'Theodor-Körner-Straße 51, 71522 Backnang',	21,	3),
(1110,	332201,	'2024-09-17',	'2024-09-17',	'2024-09-17 21:00:00',	'2024-09-17 22:00:00',	'Theodor-Körner-Straße 51, 71522 Backnang',	21,	3),
(1111,	332202,	'2024-09-23',	'2024-09-23',	'2024-09-23 20:00:00',	'2024-09-23 22:00:00',	'Theodor-Körner-Straße 51, 71522 Backnang',	21,	3),
(1112,	332203,	'2024-09-26',	'2024-09-26',	'2024-09-26 17:00:00',	'2024-09-26 22:00:00',	'Theodor-Körner-Straße 51, 71522 Backnang',	21,	3),
(1113,	332301,	'2024-10-01',	'2024-10-01',	'2024-10-01 20:00:00',	'2024-10-01 22:00:00',	'Theodor-Körner-Straße 51, 71522 Backnang',	21,	3),
(1114,	332302,	'2024-10-07',	'2024-10-07',	'2024-10-07 20:00:00',	'2024-10-07 22:00:00',	'Theodor-Körner-Straße 51, 71522 Backnang',	21,	3),
(1115,	332303,	'2024-10-10',	'2024-10-10',	'2024-10-10 20:30:00',	'2024-10-10 22:00:00',	'Theodor-Körner-Straße 51, 71522 Backnang',	21,	3),
(1116,	332401,	'2024-10-15',	'2024-10-15',	'2024-10-15 20:30:00',	'2024-10-15 22:00:00',	'Theodor-Körner-Straße 51, 71522 Backnang',	21,	3),
(1117,	332402,	'2024-10-21',	'2024-10-21',	'2024-10-21 19:00:00',	'2024-10-21 22:00:00',	'Theodor-Körner-Straße 51, 71522 Backnang',	21,	3),
(1118,	332501,	'2024-10-24',	'2024-10-24',	'2024-10-24 20:00:00',	'2024-10-24 22:00:00',	'Theodor-Körner-Straße 51, 71522 Backnang',	21,	3),
(1119,	332502,	'2024-10-29',	'2024-10-29',	'2024-10-29 18:00:00',	'2024-10-29 22:00:00',	'Theodor-Körner-Straße 51, 71522 Backnang',	21,	3),
(1120,	332503,	'2024-11-04',	'2024-11-04',	'2024-11-04 20:00:00',	'2024-11-04 22:00:00',	'Theodor-Körner-Straße 51, 71522 Backnang',	21,	3),
(1121,	332601,	'2024-11-07',	'2024-11-07',	'2024-11-07 20:30:00',	'2024-11-07 22:00:00',	'Theodor-Körner-Straße 51, 71522 Backnang',	21,	3),
(1122,	332602,	'2024-11-12',	'2024-11-12',	'2024-11-12 21:00:00',	'2024-11-12 22:00:00',	'Theodor-Körner-Straße 51, 71522 Backnang',	21,	3),
(1123,	332603,	'2024-11-18',	'2024-11-18',	'2024-11-18 20:30:00',	'2024-11-18 22:00:00',	'Theodor-Körner-Straße 51, 71522 Backnang',	21,	3),
(1124,	332604,	'2024-11-21',	'2024-11-21',	'2024-11-21 21:00:00',	'2024-11-21 22:00:00',	'Theodor-Körner-Straße 51, 71522 Backnang',	21,	3),
(1125,	332701,	'2024-11-26',	'2024-11-26',	'2024-11-26 20:00:00',	'2024-11-26 22:00:00',	'Theodor-Körner-Straße 51, 71522 Backnang',	21,	3),
(1126,	332702,	'2024-12-02',	'2024-12-02',	'2024-12-02 18:00:00',	'2024-12-02 22:00:00',	'Theodor-Körner-Straße 51, 71522 Backnang',	21,	3),
(1127,	332703,	'2024-12-05',	'2024-12-05',	'2024-12-05 21:00:00',	'2024-12-05 22:00:00',	'Theodor-Körner-Straße 51, 71522 Backnang',	21,	3),
(1128,	332704,	'2024-12-10',	'2024-12-10',	'2024-12-10 21:15:00',	'2024-12-10 22:00:00',	'Theodor-Körner-Straße 51, 71522 Backnang',	21,	3),
(1129,	332705,	'2024-12-16',	'2024-12-16',	'2024-12-16 21:15:00',	'2024-12-16 22:00:00',	'Theodor-Körner-Straße 51, 71522 Backnang',	21,	3),
(1130,	2340101,	'2024-08-23',	'2024-08-23',	'2024-08-23 20:30:00',	'2024-08-23 22:00:00',	'Theodor-Körner-Straße 51, 71522 Backnang',	21,	3),
(1131,	2340102,	'2024-08-27',	'2024-08-27',	'2024-08-27 20:30:00',	'2024-08-27 22:00:00',	'Theodor-Körner-Straße 51, 71522 Backnang',	21,	3),
(1132,	2340103,	'2024-08-30',	'2024-08-30',	'2024-08-30 21:00:00',	'2024-08-30 22:00:00',	'Theodor-Körner-Straße 51, 71522 Backnang',	21,	3),
(1133,	2340104,	'2024-09-04',	'2024-09-04',	'2024-09-04 21:15:00',	'2024-09-04 22:00:00',	'Theodor-Körner-Straße 51, 71522 Backnang',	21,	3),
(1134,	2340105,	'2024-09-06',	'2024-09-06',	'2024-09-06 21:15:00',	'2024-09-06 22:00:00',	'Theodor-Körner-Straße 51, 71522 Backnang',	21,	3),
(1135,	2340201,	'2024-09-11',	'2024-09-11',	'2024-09-11 21:30:00',	'2024-09-11 22:00:00',	'Theodor-Körner-Straße 51, 71522 Backnang',	21,	3),
(1136,	2340202,	'2024-09-13',	'2024-09-13',	'2024-09-13 21:00:00',	'2024-09-13 22:00:00',	'Theodor-Körner-Straße 51, 71522 Backnang',	21,	3),
(1137,	2340203,	'2024-09-18',	'2024-09-18',	'2024-09-18 19:15:00',	'2024-09-18 22:00:00',	'Theodor-Körner-Straße 51, 71522 Backnang',	21,	3),
(1138,	2340204,	'2024-09-23',	'2024-09-23',	'2024-09-23 21:00:00',	'2024-09-23 22:00:00',	'Theodor-Körner-Straße 51, 71522 Backnang',	21,	3),
(1139,	2340301,	'2024-09-25',	'2024-09-25',	'2024-09-25 21:15:00',	'2024-09-25 22:00:00',	'Theodor-Körner-Straße 51, 71522 Backnang',	21,	3),
(1140,	2340302,	'2024-09-30',	'2024-09-30',	'2024-09-30 21:30:00',	'2024-09-30 22:00:00',	'Theodor-Körner-Straße 51, 71522 Backnang',	21,	3),
(1141,	2340401,	'2024-10-02',	'2024-10-02',	'2024-10-02 21:15:00',	'2024-10-02 22:00:00',	'Theodor-Körner-Straße 51, 71522 Backnang',	21,	3),
(1142,	2340402,	'2024-10-07',	'2024-10-07',	'2024-10-07 21:30:00',	'2024-10-07 22:00:00',	'Theodor-Körner-Straße 51, 71522 Backnang',	21,	3),
(1143,	2340403,	'2024-10-10',	'2024-10-10',	'2024-10-10 21:00:00',	'2024-10-10 22:00:00',	'Theodor-Körner-Straße 51, 71522 Backnang',	21,	3),
(1144,	2340404,	'2024-10-14',	'2024-10-14',	'2024-10-14 21:00:00',	'2024-10-14 22:00:00',	'Theodor-Körner-Straße 51, 71522 Backnang',	21,	3),
(1145,	2340501,	'2024-10-17',	'2024-10-17',	'2024-10-17 21:00:00',	'2024-10-17 22:00:00',	'Theodor-Körner-Straße 51, 71522 Backnang',	21,	3),
(1146,	2340502,	'2024-10-21',	'2024-10-21',	'2024-10-21 20:00:00',	'2024-10-21 22:00:00',	'Theodor-Körner-Straße 51, 71522 Backnang',	21,	3),
(1147,	2340503,	'2024-10-24',	'2024-10-24',	'2024-10-24 20:00:00',	'2024-10-24 22:00:00',	'Theodor-Körner-Straße 51, 71522 Backnang',	21,	3),
(1148,	2340601,	'2024-10-29',	'2024-10-29',	'2024-10-29 21:45:00',	'2024-10-29 22:00:00',	'Theodor-Körner-Straße 51, 71522 Backnang',	21,	3),
(1149,	2340602,	'2024-10-31',	'2024-10-31',	'2024-10-31 21:00:00',	'2024-10-31 22:00:00',	'Theodor-Körner-Straße 51, 71522 Backnang',	21,	3),
(1150,	2340603,	'2024-11-05',	'2024-11-05',	'2024-11-05 21:00:00',	'2024-11-05 22:00:00',	'Theodor-Körner-Straße 51, 71522 Backnang',	21,	3),
(1151,	2340701,	'2024-11-07',	'2024-11-07',	'2024-11-07 20:00:00',	'2024-11-07 22:00:00',	'Theodor-Körner-Straße 51, 71522 Backnang',	21,	3),
(1152,	2340702,	'2024-11-12',	'2024-11-12',	'2024-11-12 19:00:00',	'2024-11-12 22:00:00',	'Theodor-Körner-Straße 51, 71522 Backnang',	21,	3),
(1153,	2340703,	'2024-11-15',	'2024-11-15',	'2024-11-15 20:30:00',	'2024-11-15 22:00:00',	'Theodor-Körner-Straße 51, 71522 Backnang',	21,	3),
(1154,	2340704,	'2024-11-19',	'2024-11-19',	'2024-11-19 18:00:00',	'2024-11-19 22:00:00',	'Theodor-Körner-Straße 51, 71522 Backnang',	21,	3),
(1155,	2340705,	'2024-11-22',	'2024-11-22',	'2024-11-22 18:30:00',	'2024-11-22 22:00:00',	'Theodor-Körner-Straße 51, 71522 Backnang',	21,	3),
(1156,	2340801,	'2024-11-26',	'2024-11-26',	'2024-11-26 19:00:00',	'2024-11-26 22:00:00',	'Theodor-Körner-Straße 51, 71522 Backnang',	21,	3),
(1157,	2340802,	'2024-11-29',	'2024-11-29',	'2024-11-29 13:00:00',	'2024-11-29 22:00:00',	'Theodor-Körner-Straße 51, 71522 Backnang',	21,	3),
(1158,	2340901,	'2024-12-04',	'2024-12-04',	'2024-12-04 19:00:00',	'2024-12-04 22:00:00',	'Theodor-Körner-Straße 51, 71522 Backnang',	21,	3),
(1159,	2340902,	'2024-12-06',	'2024-12-06',	'2024-12-06 18:30:00',	'2024-12-06 22:00:00',	'Theodor-Körner-Straße 51, 71522 Backnang',	21,	3),
(1160,	2340903,	'2024-12-11',	'2024-12-11',	'2024-12-11 17:00:00',	'2024-12-11 22:00:00',	'Theodor-Körner-Straße 51, 71522 Backnang',	21,	3),
(1161,	2340904,	'2024-12-16',	'2024-12-16',	'2024-12-16 20:30:00',	'2024-12-16 22:00:00',	'Theodor-Körner-Straße 51, 71522 Backnang',	21,	3),
(1162,	1420101,	'2024-08-21',	'2024-08-21',	'2024-08-21 20:30:00',	'2024-08-21 22:00:00',	'Theodor-Körner-Straße 51, 71522 Backnang',	21,	3),
(1163,	1420102,	'2024-08-23',	'2024-08-23',	'2024-08-23 21:00:00',	'2024-08-23 22:00:00',	'Theodor-Körner-Straße 51, 71522 Backnang',	21,	3),
(1164,	1420103,	'2024-08-26',	'2024-08-26',	'2024-08-26 21:30:00',	'2024-08-26 22:00:00',	'Theodor-Körner-Straße 51, 71522 Backnang',	21,	3),
(1165,	1420104,	'2024-08-27',	'2024-08-27',	'2024-08-27 21:15:00',	'2024-08-27 22:00:00',	'Theodor-Körner-Straße 51, 71522 Backnang',	21,	3),
(1166,	1420105,	'2024-08-29',	'2024-08-29',	'2024-08-29 21:30:00',	'2024-08-29 22:00:00',	'Theodor-Körner-Straße 51, 71522 Backnang',	21,	3),
(1167,	1420201,	'2024-08-30',	'2024-08-30',	'2024-08-30 21:30:00',	'2024-08-30 22:00:00',	'Theodor-Körner-Straße 51, 71522 Backnang',	21,	3),
(1168,	1420202,	'2024-09-02',	'2024-09-02',	'2024-09-02 20:30:00',	'2024-09-02 22:00:00',	'Theodor-Körner-Straße 51, 71522 Backnang',	21,	3),
(1169,	1420203,	'2024-09-04',	'2024-09-04',	'2024-09-04 20:00:00',	'2024-09-04 22:00:00',	'Theodor-Körner-Straße 51, 71522 Backnang',	21,	3),
(1170,	1420204,	'2024-09-05',	'2024-09-05',	'2024-09-05 20:30:00',	'2024-09-05 22:00:00',	'Theodor-Körner-Straße 51, 71522 Backnang',	21,	3),
(1171,	1420301,	'2024-09-06',	'2024-09-06',	'2024-09-06 21:15:00',	'2024-09-06 22:00:00',	'Theodor-Körner-Straße 51, 71522 Backnang',	21,	3),
(1172,	1420401,	'2024-09-09',	'2024-09-09',	'2024-09-09 21:15:00',	'2024-09-09 22:00:00',	'Theodor-Körner-Straße 51, 71522 Backnang',	21,	3),
(1173,	1420402,	'2024-09-11',	'2024-09-11',	'2024-09-11 21:15:00',	'2024-09-11 22:00:00',	'Theodor-Körner-Straße 51, 71522 Backnang',	21,	3),
(1174,	1420501,	'2024-09-12',	'2024-09-12',	'2024-09-12 21:15:00',	'2024-09-12 22:00:00',	'Theodor-Körner-Straße 51, 71522 Backnang',	21,	3),
(1175,	1420502,	'2024-09-13',	'2024-09-13',	'2024-09-13 20:30:00',	'2024-09-13 22:00:00',	'Theodor-Körner-Straße 51, 71522 Backnang',	21,	3),
(1176,	1420503,	'2024-09-17',	'2024-09-17',	'2024-09-17 21:15:00',	'2024-09-17 22:00:00',	'Theodor-Körner-Straße 51, 71522 Backnang',	21,	3),
(1177,	1420601,	'2024-09-18',	'2024-09-18',	'2024-09-18 21:00:00',	'2024-09-18 22:00:00',	'Theodor-Körner-Straße 51, 71522 Backnang',	21,	3),
(1178,	1420602,	'2024-09-19',	'2024-09-19',	'2024-09-19 20:00:00',	'2024-09-19 22:00:00',	'Theodor-Körner-Straße 51, 71522 Backnang',	21,	3),
(1179,	1420701,	'2024-09-23',	'2024-09-23',	'2024-09-23 21:15:00',	'2024-09-23 22:00:00',	'Theodor-Körner-Straße 51, 71522 Backnang',	21,	3),
(1180,	1420702,	'2024-09-24',	'2024-09-24',	'2024-09-24 21:30:00',	'2024-09-24 22:00:00',	'Theodor-Körner-Straße 51, 71522 Backnang',	21,	3),
(1181,	1420801,	'2024-09-25',	'2024-09-25',	'2024-09-25 21:15:00',	'2024-09-25 22:00:00',	'Theodor-Körner-Straße 51, 71522 Backnang',	21,	3),
(1182,	1420901,	'2024-09-27',	'2024-09-27',	'2024-09-27 21:15:00',	'2024-09-27 22:00:00',	'Theodor-Körner-Straße 51, 71522 Backnang',	21,	3),
(1183,	1420902,	'2024-09-30',	'2024-09-30',	'2024-09-30 20:00:00',	'2024-09-30 22:00:00',	'Theodor-Körner-Straße 51, 71522 Backnang',	21,	3),
(1184,	1421001,	'2024-10-01',	'2024-10-01',	'2024-10-01 21:30:00',	'2024-10-01 22:00:00',	'Theodor-Körner-Straße 51, 71522 Backnang',	21,	3),
(1185,	1421002,	'2024-10-02',	'2024-10-02',	'2024-10-02 21:30:00',	'2024-10-02 22:00:00',	'Theodor-Körner-Straße 51, 71522 Backnang',	21,	3),
(1186,	1421003,	'2024-10-04',	'2024-10-04',	'2024-10-04 21:30:00',	'2024-10-04 22:00:00',	'Theodor-Körner-Straße 51, 71522 Backnang',	21,	3),
(1187,	1421004,	'2024-10-07',	'2024-10-07',	'2024-10-07 21:15:00',	'2024-10-07 22:00:00',	'Theodor-Körner-Straße 51, 71522 Backnang',	21,	3),
(1188,	1421005,	'2024-10-08',	'2024-10-08',	'2024-10-08 21:45:00',	'2024-10-08 22:00:00',	'Theodor-Körner-Straße 51, 71522 Backnang',	21,	3),
(1189,	1421101,	'2024-10-10',	'2024-10-10',	'2024-10-10 21:30:00',	'2024-10-10 22:00:00',	'Theodor-Körner-Straße 51, 71522 Backnang',	21,	3),
(1190,	1421102,	'2024-10-11',	'2024-10-11',	'2024-10-11 21:45:00',	'2024-10-11 22:00:00',	'Theodor-Körner-Straße 51, 71522 Backnang',	21,	3),
(1191,	1421103,	'2024-10-14',	'2024-10-14',	'2024-10-14 21:30:00',	'2024-10-14 22:00:00',	'Theodor-Körner-Straße 51, 71522 Backnang',	21,	3),
(1192,	1421201,	'2024-10-16',	'2024-10-16',	'2024-10-16 21:00:00',	'2024-10-16 22:00:00',	'Theodor-Körner-Straße 51, 71522 Backnang',	21,	3),
(1193,	1421202,	'2024-10-17',	'2024-10-17',	'2024-10-17 19:00:00',	'2024-10-17 22:00:00',	'Theodor-Körner-Straße 51, 71522 Backnang',	21,	3),
(1194,	1421203,	'2024-10-18',	'2024-10-18',	'2024-10-18 21:00:00',	'2024-10-18 22:00:00',	'Theodor-Körner-Straße 51, 71522 Backnang',	21,	3),
(1195,	1421301,	'2024-10-21',	'2024-10-21',	'2024-10-21 20:00:00',	'2024-10-21 22:00:00',	'Theodor-Körner-Straße 51, 71522 Backnang',	21,	3),
(1196,	1421302,	'2024-10-23',	'2024-10-23',	'2024-10-23 17:00:00',	'2024-10-23 22:00:00',	'Theodor-Körner-Straße 51, 71522 Backnang',	21,	3),
(1197,	1421303,	'2024-10-24',	'2024-10-24',	'2024-10-24 21:30:00',	'2024-10-24 22:00:00',	'Theodor-Körner-Straße 51, 71522 Backnang',	21,	3),
(1198,	1421401,	'2024-10-25',	'2024-10-25',	'2024-10-25 21:30:00',	'2024-10-25 22:00:00',	'Theodor-Körner-Straße 51, 71522 Backnang',	21,	3),
(1199,	1421402,	'2024-10-29',	'2024-10-29',	'2024-10-29 21:15:00',	'2024-10-29 22:00:00',	'Theodor-Körner-Straße 51, 71522 Backnang',	21,	3),
(1200,	1421403,	'2024-10-30',	'2024-10-30',	'2024-10-30 20:00:00',	'2024-10-30 22:00:00',	'Theodor-Körner-Straße 51, 71522 Backnang',	21,	3),
(1201,	1421404,	'2024-10-31',	'2024-10-31',	'2024-10-31 21:00:00',	'2024-10-31 22:00:00',	'Theodor-Körner-Straße 51, 71522 Backnang',	21,	3),
(1202,	1421405,	'2024-11-04',	'2024-11-04',	'2024-11-04 20:30:00',	'2024-11-04 22:00:00',	'Theodor-Körner-Straße 51, 71522 Backnang',	21,	3),
(1203,	1421406,	'2024-11-05',	'2024-11-05',	'2024-11-05 21:00:00',	'2024-11-05 22:00:00',	'Theodor-Körner-Straße 51, 71522 Backnang',	21,	3),
(1204,	1421501,	'2024-11-06',	'2024-11-06',	'2024-11-06 21:00:00',	'2024-11-06 22:00:00',	'Theodor-Körner-Straße 51, 71522 Backnang',	21,	3),
(1205,	1421502,	'2024-11-07',	'2024-11-07',	'2024-11-07 21:00:00',	'2024-11-07 22:00:00',	'Theodor-Körner-Straße 51, 71522 Backnang',	21,	3),
(1206,	1421601,	'2024-11-11',	'2024-11-11',	'2024-11-11 20:30:00',	'2024-11-11 22:00:00',	'Theodor-Körner-Straße 51, 71522 Backnang',	21,	3),
(1207,	1421602,	'2024-11-12',	'2024-11-12',	'2024-11-12 20:00:00',	'2024-11-12 22:00:00',	'Theodor-Körner-Straße 51, 71522 Backnang',	21,	3),
(1208,	1421701,	'2024-11-13',	'2024-11-13',	'2024-11-13 21:00:00',	'2024-11-13 22:00:00',	'Theodor-Körner-Straße 51, 71522 Backnang',	21,	3),
(1209,	1421702,	'2024-11-15',	'2024-11-15',	'2024-11-15 20:00:00',	'2024-11-15 22:00:00',	'Theodor-Körner-Straße 51, 71522 Backnang',	21,	3),
(1210,	1421703,	'2024-11-18',	'2024-11-18',	'2024-11-18 21:30:00',	'2024-11-18 22:00:00',	'Theodor-Körner-Straße 51, 71522 Backnang',	21,	3),
(1211,	1421801,	'2024-11-19',	'2024-11-19',	'2024-11-19 18:00:00',	'2024-11-19 22:00:00',	'Theodor-Körner-Straße 51, 71522 Backnang',	21,	3),
(1212,	1421802,	'2024-11-21',	'2024-11-21',	'2024-11-21 21:00:00',	'2024-11-21 22:00:00',	'Theodor-Körner-Straße 51, 71522 Backnang',	21,	3),
(1213,	1421803,	'2024-11-22',	'2024-11-22',	'2024-11-22 20:00:00',	'2024-11-22 22:00:00',	'Theodor-Körner-Straße 51, 71522 Backnang',	21,	3),
(1214,	1421804,	'2024-11-25',	'2024-11-25',	'2024-11-25 20:00:00',	'2024-11-25 22:00:00',	'Theodor-Körner-Straße 51, 71522 Backnang',	21,	3),
(1215,	1421805,	'2024-11-26',	'2024-11-26',	'2024-11-26 20:00:00',	'2024-11-26 22:00:00',	'Theodor-Körner-Straße 51, 71522 Backnang',	21,	3),
(1216,	1421901,	'2024-11-28',	'2024-11-28',	'2024-11-28 21:00:00',	'2024-11-28 22:00:00',	'Theodor-Körner-Straße 51, 71522 Backnang',	21,	3),
(1217,	1421902,	'2024-11-29',	'2024-11-29',	'2024-11-29 21:15:00',	'2024-11-29 22:00:00',	'Theodor-Körner-Straße 51, 71522 Backnang',	21,	3),
(1218,	1421903,	'2024-12-02',	'2024-12-02',	'2024-12-02 19:00:00',	'2024-12-02 22:00:00',	'Theodor-Körner-Straße 51, 71522 Backnang',	21,	3),
(1219,	1421904,	'2024-12-04',	'2024-12-04',	'2024-12-04 20:00:00',	'2024-12-04 22:00:00',	'Theodor-Körner-Straße 51, 71522 Backnang',	21,	3),
(1220,	1422001,	'2024-12-05',	'2024-12-05',	'2024-12-05 20:30:00',	'2024-12-05 22:00:00',	'Theodor-Körner-Straße 51, 71522 Backnang',	21,	3),
(1221,	1422002,	'2024-12-06',	'2024-12-06',	'2024-12-06 20:00:00',	'2024-12-06 22:00:00',	'Theodor-Körner-Straße 51, 71522 Backnang',	21,	3),
(1222,	1422101,	'2024-12-10',	'2024-12-10',	'2024-12-10 19:59:00',	'2024-12-10 22:00:00',	'Theodor-Körner-Straße 51, 71522 Backnang',	21,	3),
(1223,	1422102,	'2024-12-11',	'2024-12-11',	'2024-12-11 16:00:00',	'2024-12-11 22:00:00',	'Theodor-Körner-Straße 51, 71522 Backnang',	21,	3),
(1224,	1422201,	'2024-12-12',	'2024-12-12',	'2024-12-12 21:00:00',	'2024-12-12 22:00:00',	'Theodor-Körner-Straße 51, 71522 Backnang',	21,	3),
(1225,	1422202,	'2024-12-16',	'2024-12-16',	'2024-12-16 18:00:00',	'2024-12-16 22:00:00',	'Theodor-Körner-Straße 51, 71522 Backnang',	21,	3),
(1226,	2410101,	'2024-08-23',	'2024-08-23',	'2024-08-23 21:15:00',	'2024-08-23 22:00:00',	'Theodor-Körner-Straße 51, 71522 Backnang',	21,	3),
(1227,	2410102,	'2024-08-28',	'2024-08-28',	'2024-08-28 21:00:00',	'2024-08-28 22:00:00',	'Theodor-Körner-Straße 51, 71522 Backnang',	21,	3),
(1228,	2410103,	'2024-09-02',	'2024-09-02',	'2024-09-02 21:30:00',	'2024-09-02 22:00:00',	'Theodor-Körner-Straße 51, 71522 Backnang',	21,	3),
(1229,	2410104,	'2024-09-04',	'2024-09-04',	'2024-09-04 21:15:00',	'2024-09-04 22:00:00',	'Theodor-Körner-Straße 51, 71522 Backnang',	21,	3),
(1230,	2410105,	'2024-09-09',	'2024-09-09',	'2024-09-09 21:30:00',	'2024-09-09 22:00:00',	'Theodor-Körner-Straße 51, 71522 Backnang',	21,	3),
(1231,	2410201,	'2024-09-12',	'2024-09-12',	'2024-09-12 21:30:00',	'2024-09-12 22:00:00',	'Theodor-Körner-Straße 51, 71522 Backnang',	21,	3),
(1232,	2410202,	'2024-09-17',	'2024-09-17',	'2024-09-17 20:30:00',	'2024-09-17 22:00:00',	'Theodor-Körner-Straße 51, 71522 Backnang',	21,	3),
(1233,	2410203,	'2024-09-19',	'2024-09-19',	'2024-09-19 20:30:00',	'2024-09-19 22:00:00',	'Theodor-Körner-Straße 51, 71522 Backnang',	21,	3),
(1234,	2410204,	'2024-09-24',	'2024-09-24',	'2024-09-24 21:30:00',	'2024-09-24 22:00:00',	'Theodor-Körner-Straße 51, 71522 Backnang',	21,	3),
(1235,	2410301,	'2024-09-27',	'2024-09-27',	'2024-09-27 21:15:00',	'2024-09-27 22:00:00',	'Theodor-Körner-Straße 51, 71522 Backnang',	21,	3),
(1236,	2410302,	'2024-10-02',	'2024-10-02',	'2024-10-02 21:45:00',	'2024-10-02 22:00:00',	'Theodor-Körner-Straße 51, 71522 Backnang',	21,	3),
(1237,	2410401,	'2024-10-07',	'2024-10-07',	'2024-10-07 21:15:00',	'2024-10-07 22:00:00',	'Theodor-Körner-Straße 51, 71522 Backnang',	21,	3),
(1238,	2410402,	'2024-10-09',	'2024-10-09',	'2024-10-09 21:30:00',	'2024-10-09 22:00:00',	'Theodor-Körner-Straße 51, 71522 Backnang',	21,	3),
(1239,	2410501,	'2024-10-14',	'2024-10-14',	'2024-10-14 21:00:00',	'2024-10-14 22:00:00',	'Theodor-Körner-Straße 51, 71522 Backnang',	21,	3),
(1240,	2410502,	'2024-10-17',	'2024-10-17',	'2024-10-17 19:15:00',	'2024-10-17 22:00:00',	'Theodor-Körner-Straße 51, 71522 Backnang',	21,	3),
(1241,	2410503,	'2024-10-22',	'2024-10-22',	'2024-10-22 20:00:00',	'2024-10-22 22:00:00',	'Theodor-Körner-Straße 51, 71522 Backnang',	21,	3),
(1242,	2410601,	'2024-10-24',	'2024-10-24',	'2024-10-24 21:45:00',	'2024-10-24 22:00:00',	'Theodor-Körner-Straße 51, 71522 Backnang',	21,	3),
(1243,	2410602,	'2024-10-29',	'2024-10-29',	'2024-10-29 21:30:00',	'2024-10-29 22:00:00',	'Theodor-Körner-Straße 51, 71522 Backnang',	21,	3),
(1244,	2410701,	'2024-11-01',	'2024-11-01',	'2024-11-01 21:00:00',	'2024-11-01 22:00:00',	'Theodor-Körner-Straße 51, 71522 Backnang',	21,	3),
(1245,	2410702,	'2024-11-06',	'2024-11-06',	'2024-11-06 21:15:00',	'2024-11-06 22:00:00',	'Theodor-Körner-Straße 51, 71522 Backnang',	21,	3),
(1246,	2410703,	'2024-11-11',	'2024-11-11',	'2024-11-11 21:00:00',	'2024-11-11 22:00:00',	'Theodor-Körner-Straße 51, 71522 Backnang',	21,	3),
(1247,	2410801,	'2024-11-13',	'2024-11-13',	'2024-11-13 21:30:00',	'2024-11-13 22:00:00',	'Theodor-Körner-Straße 51, 71522 Backnang',	21,	3),
(1248,	2410802,	'2024-11-18',	'2024-11-18',	'2024-11-18 21:00:00',	'2024-11-18 22:00:00',	'Theodor-Körner-Straße 51, 71522 Backnang',	21,	3),
(1249,	2410901,	'2024-11-21',	'2024-11-21',	'2024-11-21 19:00:00',	'2024-11-21 22:00:00',	'Theodor-Körner-Straße 51, 71522 Backnang',	21,	3),
(1250,	2410902,	'2024-11-26',	'2024-11-26',	'2024-11-26 17:00:00',	'2024-11-26 22:00:00',	'Theodor-Körner-Straße 51, 71522 Backnang',	21,	3),
(1251,	2410903,	'2024-11-28',	'2024-11-28',	'2024-11-28 19:00:00',	'2024-11-28 22:00:00',	'Theodor-Körner-Straße 51, 71522 Backnang',	21,	3),
(1252,	2410904,	'2024-12-03',	'2024-12-03',	'2024-12-03 20:30:00',	'2024-12-03 22:00:00',	'Theodor-Körner-Straße 51, 71522 Backnang',	21,	3),
(1253,	2410905,	'2024-12-06',	'2024-12-06',	'2024-12-06 20:00:00',	'2024-12-06 22:00:00',	'Theodor-Körner-Straße 51, 71522 Backnang',	21,	3),
(1254,	2411001,	'2024-12-11',	'2024-12-11',	'2024-12-11 19:00:00',	'2024-12-11 22:00:00',	'Theodor-Körner-Straße 51, 71522 Backnang',	21,	3),
(1255,	2411002,	'2024-12-16',	'2024-12-16',	'2024-12-16 20:00:00',	'2024-12-16 22:00:00',	'Theodor-Körner-Straße 51, 71522 Backnang',	21,	3),
(1256,	2600101,	'2024-08-22',	'2024-08-22',	'2024-08-22 21:00:00',	'2024-08-22 22:00:00',	'Theodor-Körner-Straße 51, 71522 Backnang',	21,	3),
(1257,	2600102,	'2024-08-27',	'2024-08-27',	'2024-08-27 21:00:00',	'2024-08-27 22:00:00',	'Theodor-Körner-Straße 51, 71522 Backnang',	21,	3),
(1258,	2600103,	'2024-08-29',	'2024-08-29',	'2024-08-29 21:30:00',	'2024-08-29 22:00:00',	'Theodor-Körner-Straße 51, 71522 Backnang',	21,	3),
(1259,	2600104,	'2024-09-02',	'2024-09-02',	'2024-09-02 21:15:00',	'2024-09-02 22:00:00',	'Theodor-Körner-Straße 51, 71522 Backnang',	21,	3),
(1260,	2600105,	'2024-09-04',	'2024-09-04',	'2024-09-04 21:30:00',	'2024-09-04 22:00:00',	'Theodor-Körner-Straße 51, 71522 Backnang',	21,	3),
(1261,	2600201,	'2024-09-09',	'2024-09-09',	'2024-09-09 21:30:00',	'2024-09-09 22:00:00',	'Theodor-Körner-Straße 51, 71522 Backnang',	21,	3),
(1262,	2600202,	'2024-09-11',	'2024-09-11',	'2024-09-11 21:00:00',	'2024-09-11 22:00:00',	'Theodor-Körner-Straße 51, 71522 Backnang',	21,	3),
(1263,	2600203,	'2024-09-13',	'2024-09-13',	'2024-09-13 21:15:00',	'2024-09-13 22:00:00',	'Theodor-Körner-Straße 51, 71522 Backnang',	21,	3),
(1264,	2600204,	'2024-09-17',	'2024-09-17',	'2024-09-17 21:00:00',	'2024-09-17 22:00:00',	'Theodor-Körner-Straße 51, 71522 Backnang',	21,	3),
(1265,	2600301,	'2024-09-20',	'2024-09-20',	'2024-09-20 21:15:00',	'2024-09-20 22:00:00',	'Theodor-Körner-Straße 51, 71522 Backnang',	21,	3),
(1266,	2600302,	'2024-09-24',	'2024-09-24',	'2024-09-24 21:00:00',	'2024-09-24 22:00:00',	'Theodor-Körner-Straße 51, 71522 Backnang',	21,	3),
(1267,	2600401,	'2024-09-26',	'2024-09-26',	'2024-09-26 21:15:00',	'2024-09-26 22:00:00',	'Theodor-Körner-Straße 51, 71522 Backnang',	21,	3),
(1268,	2600402,	'2024-09-30',	'2024-09-30',	'2024-09-30 21:30:00',	'2024-09-30 22:00:00',	'Theodor-Körner-Straße 51, 71522 Backnang',	21,	3),
(1269,	2600501,	'2024-10-03',	'2024-10-03',	'2024-10-03 21:00:00',	'2024-10-03 22:00:00',	'Theodor-Körner-Straße 51, 71522 Backnang',	21,	3),
(1270,	2600502,	'2024-10-07',	'2024-10-07',	'2024-10-07 20:00:00',	'2024-10-07 22:00:00',	'Theodor-Körner-Straße 51, 71522 Backnang',	21,	3),
(1271,	2600503,	'2024-10-09',	'2024-10-09',	'2024-10-09 21:00:00',	'2024-10-09 22:00:00',	'Theodor-Körner-Straße 51, 71522 Backnang',	21,	3),
(1272,	2600601,	'2024-10-11',	'2024-10-11',	'2024-10-11 21:45:00',	'2024-10-11 22:00:00',	'Theodor-Körner-Straße 51, 71522 Backnang',	21,	3),
(1273,	2600602,	'2024-10-16',	'2024-10-16',	'2024-10-16 21:30:00',	'2024-10-16 22:00:00',	'Theodor-Körner-Straße 51, 71522 Backnang',	21,	3),
(1274,	2600701,	'2024-10-18',	'2024-10-18',	'2024-10-18 21:45:00',	'2024-10-18 22:00:00',	'Theodor-Körner-Straße 51, 71522 Backnang',	21,	3),
(1275,	2600801,	'2024-10-22',	'2024-10-22',	'2024-10-22 21:00:00',	'2024-10-22 22:00:00',	'Theodor-Körner-Straße 51, 71522 Backnang',	21,	3),
(1276,	2600802,	'2024-10-24',	'2024-10-24',	'2024-10-24 21:15:00',	'2024-10-24 22:00:00',	'Theodor-Körner-Straße 51, 71522 Backnang',	21,	3),
(1277,	2600803,	'2024-10-29',	'2024-10-29',	'2024-10-29 21:00:00',	'2024-10-29 22:00:00',	'Theodor-Körner-Straße 51, 71522 Backnang',	21,	3),
(1278,	2600901,	'2024-10-31',	'2024-10-31',	'2024-10-31 21:30:00',	'2024-10-31 22:00:00',	'Theodor-Körner-Straße 51, 71522 Backnang',	21,	3),
(1279,	2600902,	'2024-11-04',	'2024-11-04',	'2024-11-04 21:00:00',	'2024-11-04 22:00:00',	'Theodor-Körner-Straße 51, 71522 Backnang',	21,	3),
(1280,	2601001,	'2024-11-06',	'2024-11-06',	'2024-11-06 21:30:00',	'2024-11-06 22:00:00',	'Theodor-Körner-Straße 51, 71522 Backnang',	21,	3),
(1281,	2601002,	'2024-11-11',	'2024-11-11',	'2024-11-11 21:15:00',	'2024-11-11 22:00:00',	'Theodor-Körner-Straße 51, 71522 Backnang',	21,	3),
(1282,	2601003,	'2024-11-13',	'2024-11-13',	'2024-11-13 20:30:00',	'2024-11-13 22:00:00',	'Theodor-Körner-Straße 51, 71522 Backnang',	21,	3),
(1283,	2601004,	'2024-11-15',	'2024-11-15',	'2024-11-15 21:00:00',	'2024-11-15 22:00:00',	'Theodor-Körner-Straße 51, 71522 Backnang',	21,	3),
(1284,	2601005,	'2024-11-19',	'2024-11-19',	'2024-11-19 21:15:00',	'2024-11-19 22:00:00',	'Theodor-Körner-Straße 51, 71522 Backnang',	21,	3),
(1285,	2601006,	'2024-11-22',	'2024-11-22',	'2024-11-22 21:15:00',	'2024-11-22 22:00:00',	'Theodor-Körner-Straße 51, 71522 Backnang',	21,	3),
(1286,	2601101,	'2024-11-26',	'2024-11-26',	'2024-11-26 20:30:00',	'2024-11-26 22:00:00',	'Theodor-Körner-Straße 51, 71522 Backnang',	21,	3),
(1287,	2601102,	'2024-11-28',	'2024-11-28',	'2024-11-28 20:00:00',	'2024-11-28 22:00:00',	'Theodor-Körner-Straße 51, 71522 Backnang',	21,	3),
(1288,	2601201,	'2024-12-02',	'2024-12-02',	'2024-12-02 19:00:00',	'2024-12-02 22:00:00',	'Theodor-Körner-Straße 51, 71522 Backnang',	21,	3),
(1289,	2601202,	'2024-12-05',	'2024-12-05',	'2024-12-05 17:00:00',	'2024-12-05 22:00:00',	'Theodor-Körner-Straße 51, 71522 Backnang',	21,	3),
(1290,	2601203,	'2024-12-09',	'2024-12-09',	'2024-12-09 17:00:00',	'2024-12-09 22:00:00',	'Theodor-Körner-Straße 51, 71522 Backnang',	21,	3),
(1291,	2601204,	'2024-12-11',	'2024-12-11',	'2024-12-11 19:00:00',	'2024-12-11 22:00:00',	'Theodor-Körner-Straße 51, 71522 Backnang',	21,	3),
(1292,	2601205,	'2024-12-16',	'2024-12-16',	'2024-12-16 20:30:00',	'2024-12-16 22:00:00',	'Theodor-Körner-Straße 51, 71522 Backnang',	21,	3),
(1293,	150101,	'2024-08-23',	'2024-08-23',	'2024-08-23 20:00:00',	'2024-08-23 22:00:00',	'Theodor-Körner-Straße 51, 71522 Backnang',	21,	3),
(1294,	150102,	'2024-08-28',	'2024-08-28',	'2024-08-28 20:30:00',	'2024-08-28 22:00:00',	'Theodor-Körner-Straße 51, 71522 Backnang',	21,	3),
(1295,	150103,	'2024-09-02',	'2024-09-02',	'2024-09-02 21:00:00',	'2024-09-02 22:00:00',	'Theodor-Körner-Straße 51, 71522 Backnang',	21,	3),
(1296,	150104,	'2024-09-06',	'2024-09-06',	'2024-09-06 21:15:00',	'2024-09-06 22:00:00',	'Theodor-Körner-Straße 51, 71522 Backnang',	21,	3),
(1297,	150105,	'2024-09-11',	'2024-09-11',	'2024-09-11 21:30:00',	'2024-09-11 22:00:00',	'Theodor-Körner-Straße 51, 71522 Backnang',	21,	3),
(1298,	150201,	'2024-09-16',	'2024-09-16',	'2024-09-16 21:30:00',	'2024-09-16 22:00:00',	'Theodor-Körner-Straße 51, 71522 Backnang',	21,	3),
(1299,	150202,	'2024-09-19',	'2024-09-19',	'2024-09-19 21:00:00',	'2024-09-19 22:00:00',	'Theodor-Körner-Straße 51, 71522 Backnang',	21,	3),
(1300,	150203,	'2024-09-24',	'2024-09-24',	'2024-09-24 20:30:00',	'2024-09-24 22:00:00',	'Theodor-Körner-Straße 51, 71522 Backnang',	21,	3),
(1301,	150204,	'2024-09-27',	'2024-09-27',	'2024-09-27 20:00:00',	'2024-09-27 22:00:00',	'Theodor-Körner-Straße 51, 71522 Backnang',	21,	3),
(1302,	150301,	'2024-10-02',	'2024-10-02',	'2024-10-02 21:15:00',	'2024-10-02 22:00:00',	'Theodor-Körner-Straße 51, 71522 Backnang',	21,	3),
(1303,	150302,	'2024-10-07',	'2024-10-07',	'2024-10-07 21:30:00',	'2024-10-07 22:00:00',	'Theodor-Körner-Straße 51, 71522 Backnang',	21,	3),
(1304,	150401,	'2024-10-10',	'2024-10-10',	'2024-10-10 21:15:00',	'2024-10-10 22:00:00',	'Theodor-Körner-Straße 51, 71522 Backnang',	21,	3),
(1305,	150402,	'2024-10-15',	'2024-10-15',	'2024-10-15 21:30:00',	'2024-10-15 22:00:00',	'Theodor-Körner-Straße 51, 71522 Backnang',	21,	3),
(1306,	150501,	'2024-10-18',	'2024-10-18',	'2024-10-18 21:00:00',	'2024-10-18 22:00:00',	'Theodor-Körner-Straße 51, 71522 Backnang',	21,	3),
(1307,	150502,	'2024-10-23',	'2024-10-23',	'2024-10-23 20:00:00',	'2024-10-23 22:00:00',	'Theodor-Körner-Straße 51, 71522 Backnang',	21,	3),
(1308,	150503,	'2024-10-29',	'2024-10-29',	'2024-10-29 21:15:00',	'2024-10-29 22:00:00',	'Theodor-Körner-Straße 51, 71522 Backnang',	21,	3),
(1309,	150601,	'2024-11-01',	'2024-11-01',	'2024-11-01 21:45:00',	'2024-11-01 22:00:00',	'Theodor-Körner-Straße 51, 71522 Backnang',	21,	3),
(1310,	150602,	'2024-11-06',	'2024-11-06',	'2024-11-06 21:15:00',	'2024-11-06 22:00:00',	'Theodor-Körner-Straße 51, 71522 Backnang',	21,	3),
(1311,	150701,	'2024-11-11',	'2024-11-11',	'2024-11-11 21:30:00',	'2024-11-11 22:00:00',	'Theodor-Körner-Straße 51, 71522 Backnang',	21,	3),
(1312,	150702,	'2024-11-14',	'2024-11-14',	'2024-11-14 21:00:00',	'2024-11-14 22:00:00',	'Theodor-Körner-Straße 51, 71522 Backnang',	21,	3),
(1313,	150703,	'2024-11-19',	'2024-11-19',	'2024-11-19 19:00:00',	'2024-11-19 22:00:00',	'Theodor-Körner-Straße 51, 71522 Backnang',	21,	3),
(1314,	150704,	'2024-11-22',	'2024-11-22',	'2024-11-22 19:00:00',	'2024-11-22 22:00:00',	'Theodor-Körner-Straße 51, 71522 Backnang',	21,	3),
(1315,	150801,	'2024-11-27',	'2024-11-27',	'2024-11-27 21:15:00',	'2024-11-27 22:00:00',	'Theodor-Körner-Straße 51, 71522 Backnang',	21,	3),
(1316,	150802,	'2024-12-02',	'2024-12-02',	'2024-12-02 21:00:00',	'2024-12-02 22:00:00',	'Theodor-Körner-Straße 51, 71522 Backnang',	21,	3),
(1317,	150901,	'2024-12-05',	'2024-12-05',	'2024-12-05 21:00:00',	'2024-12-05 22:00:00',	'Theodor-Körner-Straße 51, 71522 Backnang',	21,	3),
(1318,	150902,	'2024-12-10',	'2024-12-10',	'2024-12-10 21:30:00',	'2024-12-10 22:00:00',	'Theodor-Körner-Straße 51, 71522 Backnang',	21,	3),
(1319,	150903,	'2024-12-16',	'2024-12-16',	'2024-12-16 19:00:00',	'2024-12-16 22:00:00',	'Theodor-Körner-Straße 51, 71522 Backnang',	21,	3),
(1320,	151001,	'2024-08-27',	'2024-08-27',	'2024-08-27 21:00:00',	'2024-08-27 22:00:00',	'Theodor-Körner-Straße 51, 71522 Backnang',	21,	3),
(1321,	151002,	'2024-09-02',	'2024-09-02',	'2024-09-02 20:30:00',	'2024-09-02 22:00:00',	'Theodor-Körner-Straße 51, 71522 Backnang',	21,	3),
(1322,	151003,	'2024-09-06',	'2024-09-06',	'2024-09-06 21:00:00',	'2024-09-06 22:00:00',	'Theodor-Körner-Straße 51, 71522 Backnang',	21,	3),
(1323,	151101,	'2024-09-13',	'2024-09-13',	'2024-09-13 21:30:00',	'2024-09-13 22:00:00',	'Theodor-Körner-Straße 51, 71522 Backnang',	21,	3),
(1324,	151102,	'2024-09-19',	'2024-09-19',	'2024-09-19 21:00:00',	'2024-09-19 22:00:00',	'Theodor-Körner-Straße 51, 71522 Backnang',	21,	3),
(1325,	151201,	'2024-09-25',	'2024-09-25',	'2024-09-25 21:15:00',	'2024-09-25 22:00:00',	'Theodor-Körner-Straße 51, 71522 Backnang',	21,	3),
(1326,	151202,	'2024-10-02',	'2024-10-02',	'2024-10-02 21:30:00',	'2024-10-02 22:00:00',	'Theodor-Körner-Straße 51, 71522 Backnang',	21,	3),
(1327,	151203,	'2024-10-08',	'2024-10-08',	'2024-10-08 21:29:00',	'2024-10-08 22:00:00',	'Theodor-Körner-Straße 51, 71522 Backnang',	21,	3),
(1328,	151301,	'2024-10-15',	'2024-10-15',	'2024-10-15 20:00:00',	'2024-10-15 22:00:00',	'Theodor-Körner-Straße 51, 71522 Backnang',	21,	3),
(1329,	151302,	'2024-10-21',	'2024-10-21',	'2024-10-21 20:30:00',	'2024-10-21 22:00:00',	'Theodor-Körner-Straße 51, 71522 Backnang',	21,	3),
(1330,	151303,	'2024-10-25',	'2024-10-25',	'2024-10-25 18:00:00',	'2024-10-25 22:00:00',	'Theodor-Körner-Straße 51, 71522 Backnang',	21,	3),
(1331,	151304,	'2024-11-01',	'2024-11-01',	'2024-11-01 20:00:00',	'2024-11-01 22:00:00',	'Theodor-Körner-Straße 51, 71522 Backnang',	21,	3),
(1332,	151305,	'2024-11-07',	'2024-11-07',	'2024-11-07 20:00:00',	'2024-11-07 22:00:00',	'Theodor-Körner-Straße 51, 71522 Backnang',	21,	3),
(1333,	151306,	'2024-11-14',	'2024-11-14',	'2024-11-14 21:00:00',	'2024-11-14 22:00:00',	'Theodor-Körner-Straße 51, 71522 Backnang',	21,	3),
(1334,	151307,	'2024-11-20',	'2024-11-20',	'2024-11-20 18:00:00',	'2024-11-20 22:00:00',	'Theodor-Körner-Straße 51, 71522 Backnang',	21,	3),
(1335,	151308,	'2024-11-26',	'2024-11-26',	'2024-11-26 21:00:00',	'2024-11-26 22:00:00',	'Theodor-Körner-Straße 51, 71522 Backnang',	21,	3),
(1336,	151309,	'2024-12-03',	'2024-12-03',	'2024-12-03 19:00:00',	'2024-12-03 22:00:00',	'Theodor-Körner-Straße 51, 71522 Backnang',	21,	3),
(1337,	151310,	'2024-12-09',	'2024-12-09',	'2024-12-09 21:00:00',	'2024-12-09 22:00:00',	'Theodor-Körner-Straße 51, 71522 Backnang',	21,	3),
(1338,	151311,	'2024-12-16',	'2024-12-16',	'2024-12-16 20:30:00',	'2024-12-16 22:00:00',	'Theodor-Körner-Straße 51, 71522 Backnang',	21,	3),
(1355,	3202917,	NULL,	NULL,	'2024-12-16 16:10:00',	'2024-12-17 17:11:00',	'In Backnang',	5,	5),
(1356,	3202917,	NULL,	NULL,	'2024-12-07 14:09:00',	'2024-12-08 15:10:00',	'In Backnang',	5,	5),
(1357,	3202918,	NULL,	NULL,	'2024-12-23 21:39:00',	'2024-12-26 21:39:00',	'Teststraße',	5,	5),
(1358,	3202919,	NULL,	NULL,	'2024-12-09 11:00:00',	'2024-12-11 15:00:00',	'Stuttgart',	50,	10),
(1359,	3202919,	NULL,	NULL,	'2024-12-16 11:00:00',	'2024-12-18 16:00:00',	'Stuttgart',	50,	10);

DROP TABLE IF EXISTS `users`;
CREATE TABLE `users` (
  `id` int(11) NOT NULL AUTO_INCREMENT,
  `name` varchar(100) NOT NULL,
  `prename` varchar(100) NOT NULL,
  `email` varchar(100) NOT NULL,
  `password_hash` varchar(255) NOT NULL,
  `role` varchar(255) NOT NULL,
  PRIMARY KEY (`id`)
) ENGINE=InnoDB DEFAULT CHARSET=utf8mb4 COLLATE=utf8mb4_unicode_ci;

INSERT INTO `users` (`id`, `name`, `prename`, `email`, `password_hash`, `role`) VALUES
(1,	'Abeth',	'Alf',	'alf.abeth@test.test',	'$2b$10$CuG1BXJvajNYNTaptg.tr.1exgaIyAM5NAx.PfkYH.H5QGCeviiGG',	'admin'),
(2,	'Aner',	'Paul',	'paul.aner@test.test',	'$2b$10$CuG1BXJvajNYNTaptg.tr.1exgaIyAM5NAx.PfkYH.H5QGCeviiGG',	'leader'),
(3,	'Aromeo',	'Alf',	'alf.aromeo@test.test',	'$2b$10$CuG1BXJvajNYNTaptg.tr.1exgaIyAM5NAx.PfkYH.H5QGCeviiGG',	''),
(4,	'Aroni',	'Mark',	'mark.aroni@test.test',	'$2b$10$CuG1BXJvajNYNTaptg.tr.1exgaIyAM5NAx.PfkYH.H5QGCeviiGG',	''),
(5,	'Belle',	'Mira',	'mira.belle@test.test',	'$2b$10$CuG1BXJvajNYNTaptg.tr.1exgaIyAM5NAx.PfkYH.H5QGCeviiGG',	''),
(6,	'Bi',	'Ali',	'ali.bi@test.test',	'$2b$10$CuG1BXJvajNYNTaptg.tr.1exgaIyAM5NAx.PfkYH.H5QGCeviiGG',	''),
(7,	'Bier',	'Karsten',	'karsten.bier@test.test',	'',	''),
(8,	'Brandt',	'Anke',	'anke.brandt@test.test',	'',	''),
(9,	'Chmark',	'Ben',	'ben.chmark@test.test',	'',	''),
(10,	'Dass',	'Addi',	'addi.dass@test.test',	'',	''),
(11,	'Gator',	'Ali',	'ali.gator@test.test',	'',	''),
(12,	'Gips',	'Armin',	'armin.gips@test.test',	'',	''),
(13,	'Gramm',	'Anna',	'anna.gramm@test.test',	'',	''),
(14,	'Grube',	'Claire',	'claire.grube@test.test',	'',	''),
(15,	'Imal',	'Max',	'max.imal@test.test',	'',	''),
(16,	'Irter',	'Ali',	'ali.irter@test.test',	'',	''),
(17,	'Ise',	'Mark',	'mark.ise@test.test',	'',	''),
(18,	'Kaffee',	'Melita',	'melita.kaffee@test.test',	'',	''),
(19,	'Kreuz',	'Andreas',	'andreas.kreuz@test.test',	'',	''),
(20,	'Kron',	'Maria',	'maria.kron@test.test',	'',	''),
(21,	'Küre',	'Manni',	'manni.küre@test.test',	'',	''),
(22,	'Log',	'Anna',	'anna.log@test.test',	'',	''),
(23,	'Lyse',	'Anna',	'anna.lyse@test.test',	'',	''),
(24,	'Macht',	'Andi',	'andi.macht@test.test',	'',	''),
(25,	'Mation',	'Anni',	'anni.mation@test.test',	'',	''),
(26,	'Mente',	'Ali',	'ali.mente@test.test',	'',	''),
(27,	'Miamorsch',	'Alex',	'alex.miamorsch@test.test',	'',	''),
(28,	'Milch',	'Marga',	'marga.milch@test.test',	'',	''),
(29,	'Mouse',	'Mickey',	'mickey.mouse@test.test',	'',	''),
(30,	'Naise',	'Major',	'major.naise@test.test',	'',	''),
(31,	'Nette',	'Mario',	'mario.nette@test.test',	'',	''),
(32,	'Nym',	'Arno',	'arno.nym@test.test',	'',	''),
(33,	'Olaus',	'Nick',	'nick.olaus@test.test',	'',	''),
(34,	'Ösisch',	'Franz',	'franz.ösisch@test.test',	'',	''),
(35,	'Pfahl',	'Marta',	'marta.pfahl@test.test',	'',	''),
(36,	'Putt',	'Volker',	'volker.putt@test.test',	'',	''),
(37,	'Quark',	'Marga',	'marga.quark@test.test',	'',	''),
(38,	'Reed',	'Alf',	'alf.reed@test.test',	'',	''),
(39,	'Rele',	'Mark',	'mark.rele@test.test',	'',	''),
(40,	'Rhosoft',	'Mike',	'mike.rhosoft@test.test',	'',	''),
(41,	'Rine',	'Marga',	'marga.rine@test.test',	'',	''),
(42,	'Roß',	'Albert',	'albert.roß@test.test',	'',	''),
(43,	'Thaler',	'Klaus',	'klaus.thaler@test.test',	'',	''),
(44,	'Tion',	'Addi',	'addi.tion@test.test',	'',	''),
(45,	'Tomie',	'Anna',	'anna.tomie@test.test',	'',	''),
(46,	'Tor',	'Moni',	'moni.tor@test.test',	'',	''),
(47,	'Yard',	'Bill',	'bill.yard@test.test',	'',	''),
(48,	'Zufall',	'Rainer',	'rainer.zufall@test.test',	'',	'');

DROP TABLE IF EXISTS `user_groups`;
CREATE TABLE `user_groups` (
  `user_id` int(11) NOT NULL,
  `group_id` int(11) NOT NULL,
  PRIMARY KEY (`user_id`,`group_id`),
  KEY `group_id` (`group_id`),
  CONSTRAINT `user_groups_ibfk_1` FOREIGN KEY (`user_id`) REFERENCES `users` (`id`) ON DELETE CASCADE,
  CONSTRAINT `user_groups_ibfk_2` FOREIGN KEY (`group_id`) REFERENCES `groups` (`id`) ON DELETE CASCADE
) ENGINE=InnoDB DEFAULT CHARSET=utf8mb4 COLLATE=utf8mb4_unicode_ci;

INSERT INTO `user_groups` (`user_id`, `group_id`) VALUES
(1,	1),
(2,	1),
(3,	1),
(4,	1),
(5,	1),
(6,	1),
(7,	2),
(8,	2),
(9,	2),
(10,	2),
(11,	2),
(12,	2),
(13,	3),
(14,	3),
(15,	3),
(16,	3),
(17,	3),
(18,	3),
(19,	4),
(20,	4),
(21,	4),
(22,	4),
(23,	4),
(24,	4),
(25,	5),
(26,	5),
(27,	5),
(28,	5),
(29,	5),
(30,	5),
(31,	6),
(32,	6),
(33,	6),
(34,	6),
(35,	6),
(36,	6),
(37,	7),
(38,	7),
(39,	7),
(40,	8),
(41,	8),
(42,	8),
(43,	9),
(44,	9),
(45,	9),
(46,	9),
(47,	9),
(48,	9);

DROP VIEW IF EXISTS `user_sessions`;
CREATE TABLE `user_sessions` (`user_id` int(11), `group_id` int(11), `group_name` varchar(100), `certification_id` int(11), `certification_title` varchar(150), `certification_description` varchar(250), `training_id` int(11), `training_title` varchar(150), `training_description` text, `session_id` int(11), `session_start` datetime, `session_end` datetime, `session_location` varchar(150), `session_min_participants` int(11), `session_max_participants` int(11), `registration_id` int(11), `registration_date` timestamp, `attended` tinyint(1));


DROP VIEW IF EXISTS `user_sessions_registered`;
CREATE TABLE `user_sessions_registered` (`user_id` int(11), `group_id` int(11), `certification_id` int(11), `certification_title` varchar(150), `certification_description` varchar(250), `training_id` int(11), `training_title` varchar(150), `training_description` text, `session_id` int(11), `session_start` datetime, `session_end` datetime, `session_location` varchar(150), `session_min_participants` int(11), `session_max_participants` int(11), `registration_id` int(11), `registration_date` timestamp, `attended` tinyint(1));


DROP VIEW IF EXISTS `user_sessions_unregistered`;
CREATE TABLE `user_sessions_unregistered` (`user_id` int(11), `group_id` int(11), `certification_id` int(11), `certification_title` varchar(150), `certification_description` varchar(250), `training_id` int(11), `training_title` varchar(150), `training_description` text, `session_id` int(11), `session_start` datetime, `session_end` datetime, `session_location` varchar(150), `session_min_participants` int(11), `session_max_participants` int(11));


DROP TABLE IF EXISTS `cal_user_resources`;
CREATE ALGORITHM=UNDEFINED SQL SECURITY DEFINER VIEW `cal_user_resources` AS select `ug`.`user_id` AS `user_id`,`ug`.`group_id` AS `group_id`,`c`.`id` AS `certification_id`,concat('g',`ug`.`group_id`,'_c',`c`.`id`) AS `id`,concat(`g`.`name`,' - ',`c`.`title`) AS `name`,`g`.`color` AS `eventColor` from ((`user_groups` `ug` join `groups` `g` on(`ug`.`group_id` = `g`.`id`)) join `certifications` `c` on(`ug`.`group_id` = `c`.`group_id`));

DROP TABLE IF EXISTS `cal_user_sessions`;
CREATE ALGORITHM=UNDEFINED SQL SECURITY DEFINER VIEW `cal_user_sessions` AS select `ur`.`user_id` AS `user_id`,`us`.`session_id` AS `id`,`us`.`session_start` AS `startDate`,`us`.`session_end` AS `endDate`,`us`.`training_title` AS `name`,`ur`.`id` AS `resourceId` from (`cal_user_resources` `ur` join `user_sessions` `us` on(`ur`.`user_id` = `us`.`user_id` and `ur`.`group_id` = `us`.`group_id` and `ur`.`certification_id` = `us`.`certification_id`));

DROP TABLE IF EXISTS `cal_user_sessions_registered`;
CREATE ALGORITHM=UNDEFINED SQL SECURITY DEFINER VIEW `cal_user_sessions_registered` AS select `ur`.`user_id` AS `user_id`,`us`.`session_id` AS `id`,`us`.`session_start` AS `startDate`,`us`.`session_end` AS `endDate`,`us`.`training_title` AS `name`,`ur`.`id` AS `resourceId` from (`cal_user_resources` `ur` join `user_sessions_registered` `us` on(`ur`.`user_id` = `us`.`user_id` and `ur`.`group_id` = `us`.`group_id` and `ur`.`certification_id` = `us`.`certification_id`));

DROP TABLE IF EXISTS `cal_user_sessions_unregistered`;
CREATE ALGORITHM=UNDEFINED SQL SECURITY DEFINER VIEW `cal_user_sessions_unregistered` AS select `ur`.`user_id` AS `user_id`,`us`.`session_id` AS `id`,`us`.`session_start` AS `startDate`,`us`.`session_end` AS `endDate`,`us`.`training_title` AS `name`,`ur`.`id` AS `resourceId` from (`cal_user_resources` `ur` join `user_sessions_unregistered` `us` on(`ur`.`user_id` = `us`.`user_id` and `ur`.`group_id` = `us`.`group_id` and `ur`.`certification_id` = `us`.`certification_id`));

DROP TABLE IF EXISTS `sessions`;
CREATE ALGORITHM=UNDEFINED SQL SECURITY DEFINER VIEW `sessions` AS select `c`.`group_id` AS `group_id`,`c`.`id` AS `certification_id`,`c`.`title` AS `certification_title`,`c`.`description` AS `certification_description`,`t`.`id` AS `training_id`,`t`.`title` AS `trainingn_title`,`t`.`description` AS `training_description`,`s`.`id` AS `session_id`,`s`.`start_datetime` AS `session_start`,`s`.`end_datetime` AS `session_end`,`s`.`location` AS `session_location`,`s`.`min_participants` AS `session_min_participants`,`s`.`max_participants` AS `session_max_participants` from ((`certifications` `c` join `trainings` `t` on(`c`.`id` = `t`.`certification_id`)) join `training_sessions` `s` on(`t`.`id` = `s`.`training_id`));

DROP TABLE IF EXISTS `user_sessions`;
CREATE ALGORITHM=UNDEFINED SQL SECURITY DEFINER VIEW `user_sessions` AS select `ug`.`user_id` AS `user_id`,`ug`.`group_id` AS `group_id`,`g`.`name` AS `group_name`,`s`.`certification_id` AS `certification_id`,`s`.`certification_title` AS `certification_title`,`s`.`certification_description` AS `certification_description`,`s`.`training_id` AS `training_id`,`s`.`trainingn_title` AS `training_title`,`s`.`training_description` AS `training_description`,`s`.`session_id` AS `session_id`,`s`.`session_start` AS `session_start`,`s`.`session_end` AS `session_end`,`s`.`session_location` AS `session_location`,`s`.`session_min_participants` AS `session_min_participants`,`s`.`session_max_participants` AS `session_max_participants`,`sr`.`id` AS `registration_id`,`sr`.`registration_date` AS `registration_date`,`sr`.`attended` AS `attended` from (((`user_groups` `ug` join `groups` `g` on(`ug`.`group_id` = `g`.`id`)) join `sessions` `s` on(`ug`.`group_id` = `s`.`group_id`)) left join `session_registrations` `sr` on(`ug`.`user_id` = `sr`.`user_id` and `s`.`session_id` = `sr`.`session_id`));

DROP TABLE IF EXISTS `user_sessions_registered`;
CREATE ALGORITHM=UNDEFINED SQL SECURITY DEFINER VIEW `user_sessions_registered` AS select `user_sessions`.`user_id` AS `user_id`,`user_sessions`.`group_id` AS `group_id`,`user_sessions`.`certification_id` AS `certification_id`,`user_sessions`.`certification_title` AS `certification_title`,`user_sessions`.`certification_description` AS `certification_description`,`user_sessions`.`training_id` AS `training_id`,`user_sessions`.`training_title` AS `training_title`,`user_sessions`.`training_description` AS `training_description`,`user_sessions`.`session_id` AS `session_id`,`user_sessions`.`session_start` AS `session_start`,`user_sessions`.`session_end` AS `session_end`,`user_sessions`.`session_location` AS `session_location`,`user_sessions`.`session_min_participants` AS `session_min_participants`,`user_sessions`.`session_max_participants` AS `session_max_participants`,`user_sessions`.`registration_id` AS `registration_id`,`user_sessions`.`registration_date` AS `registration_date`,`user_sessions`.`attended` AS `attended` from `user_sessions` where `user_sessions`.`registration_id` is not null;

DROP TABLE IF EXISTS `user_sessions_unregistered`;
CREATE ALGORITHM=UNDEFINED SQL SECURITY DEFINER VIEW `user_sessions_unregistered` AS select `us`.`user_id` AS `user_id`,`us`.`group_id` AS `group_id`,`us`.`certification_id` AS `certification_id`,`us`.`certification_title` AS `certification_title`,`us`.`certification_description` AS `certification_description`,`us`.`training_id` AS `training_id`,`us`.`training_title` AS `training_title`,`us`.`training_description` AS `training_description`,`us`.`session_id` AS `session_id`,`us`.`session_start` AS `session_start`,`us`.`session_end` AS `session_end`,`us`.`session_location` AS `session_location`,`us`.`session_min_participants` AS `session_min_participants`,`us`.`session_max_participants` AS `session_max_participants` from (`user_sessions` `us` left join `user_sessions_registered` `usr` on(`us`.`user_id` = `usr`.`user_id` and `us`.`group_id` = `usr`.`group_id` and `us`.`certification_id` = `usr`.`certification_id` and `us`.`training_id` = `usr`.`training_id`)) where `us`.`registration_id` is null and `usr`.`training_id` is null;

-- 2024-12-07 10:55:12
